<?xml version="1.0" encoding="UTF-8"?>
<beans xmlns="http://www.springframework.org/schema/beans"  
       xmlns:xsi="http://www.w3.org/2001/XMLSchema-instance" 
       xmlns:context="http://www.springframework.org/schema/context"
       xmlns:aop="http://www.springframework.org/schema/aop"
       xmlns:tx="http://www.springframework.org/schema/tx"
       xsi:schemaLocation="http://www.springframework.org/schema/beans
       	   http://www.springframework.org/schema/beans/spring-beans-3.0.xsd  
           http://www.springframework.org/schema/context  
           http://www.springframework.org/schema/context/spring-context-3.0.xsd  
           http://www.springframework.org/schema/aop  
           http://www.springframework.org/schema/aop/spring-aop-3.0.xsd  
           http://www.springframework.org/schema/tx  
           http://www.springframework.org/schema/tx/spring-tx-3.0.xsd"
           default-autowire="byName">
	<context:annotation-config />

	<!-- 扫描annotation类，过滤Service，Repository -->
	<context:component-scan base-package="cn.fun">
		<context:include-filter type="annotation"
			expression="org.springframework.stereotype.Service" />
		<context:include-filter type="annotation"
			expression="org.springframework.stereotype.Repository" />
	</context:component-scan>

	<bean id="dataSource" class="com.mchange.v2.c3p0.ComboPooledDataSource"
		destroy-method="close">
		 
		<property name="driverClass">
			<value>com.mysql.jdbc.Driver</value>
		</property>
		<property name="jdbcUrl">
			<value>jdbc:mysql://localhost:3366/d9_gjcx?useUnicode=true&amp;characterEncoding=UTF-8</value>
		</property>
		<property name="user">
			<value>root</value>
		</property>
		<property name="password">
			<value>123456</value>
		</property>
		
		<property name="maxPoolSize">
			<value>80</value>
		</property>
		<property name="minPoolSize">
			<value>1</value>
		</property>
		<property name="initialPoolSize">
			<value>1</value>
		</property>
		<property name="maxIdleTime">
			<value>20</value>
		</property>
	</bean>
	<bean id="sessionFactory"
		class="org.springframework.orm.hibernate3.annotation.AnnotationSessionFactoryBean">
		<property name="dataSource" ref="dataSource" />
		<property name="packagesToScan" value="cn.fun.entity*"></property>
		<property name="hibernateProperties">
			<props>
<!-- 				<prop key="hibernate.dialect">org.hibernate.dialect.SQLServerDialect</prop> -->
				<prop key="hibernate.dialect">org.hibernate.dialect.MySQLDialect</prop>
<!-- 				<prop key="hibernate.dialect">org.hibernate.dialect.Oracle10gDialect</prop> -->
				<prop key="hibernate.hbm2ddl.auto">update</prop>
				<prop key="hibernate.show_sql">true</prop>
				<prop key="hibernate.jdbc.batch_size">20</prop>
			</props>
		</property>
	</bean>
	<bean id="hibernateTemplate" class="org.springframework.orm.hibernate3.HibernateTemplate">
  		<property name="sessionFactory" ref="sessionFactory" />
	</bean>

	<bean id="transactionManager"
		class="org.springframework.orm.hibernate3.HibernateTransactionManager">
		<property name="sessionFactory" ref="sessionFactory"></property>
	</bean>
	<tx:advice id="txAdvice" transaction-manager="transactionManager">
		<tx:attributes>
			<tx:method name="save*" propagation="REQUIRED" rollback-for="Exception"/>
			<tx:method name="add*" propagation="REQUIRED" rollback-for="Exception"/>
			<tx:method name="merge*" propagation="REQUIRED" rollback-for="Exception"/>
			<tx:method name="delete*" propagation="REQUIRED" rollback-for="Exception"/>
			<tx:method name="update*" propagation="REQUIRED" rollback-for="Exception"/>
			<tx:method name="*" read-only="true" />
		</tx:attributes>
	</tx:advice>
	<aop:config proxy-target-class="true">
		<aop:pointcut expression="execution(* cn.fun.service.*.*(..))"
			id="allManagerMethod" />
		<aop:advisor advice-ref="txAdvice" pointcut-ref="allManagerMethod" />
	</aop:config>
</beans>