<?xml version="1.0" encoding="UTF-8"?>
<!DOCTYPE mapper PUBLIC "-//mybatis.org//DTD Mapper 3.0//EN" "http://mybatis.org/dtd/mybatis-3-mapper.dtd">
<mapper namespace="com.phms.mapper.NoticeMapper">
  <resultMap id="BaseResultMap" type="com.phms.pojo.Notice">
    <id column="id" jdbcType="BIGINT" property="id" />
    <result column="content" jdbcType="VARCHAR" property="content" />
    <result column="title" jdbcType="VARCHAR" property="title" />
    <result column="view_count" jdbcType="BIGINT" property="viewCount" />
    <result column="create_time" jdbcType="TIMESTAMP" property="createTime" />
  </resultMap>
  <sql id="Example_Where_Clause">
    <where>
      <foreach collection="oredCriteria" item="criteria" separator="or">
        <if test="criteria.valid">
          <trim prefix="(" prefixOverrides="and" suffix=")">
            <foreach collection="criteria.criteria" item="criterion">
              <choose>
                <when test="criterion.noValue">
                  and ${criterion.condition}
                </when>
                <when test="criterion.singleValue">
                  and ${criterion.condition} #{criterion.value}
                </when>
                <when test="criterion.betweenValue">
                  and ${criterion.condition} #{criterion.value} and #{criterion.secondValue}
                </when>
                <when test="criterion.listValue">
                  and ${criterion.condition}
                  <foreach close=")" collection="criterion.value" item="listItem" open="(" separator=",">
                    #{listItem}
                  </foreach>
                </when>
              </choose>
            </foreach>
          </trim>
        </if>
      </foreach>
    </where>
  </sql>
  <sql id="Update_By_Example_Where_Clause">
    <where>
      <foreach collection="example.oredCriteria" item="criteria" separator="or">
        <if test="criteria.valid">
          <trim prefix="(" prefixOverrides="and" suffix=")">
            <foreach collection="criteria.criteria" item="criterion">
              <choose>
                <when test="criterion.noValue">
                  and ${criterion.condition}
                </when>
                <when test="criterion.singleValue">
                  and ${criterion.condition} #{criterion.value}
                </when>
                <when test="criterion.betweenValue">
                  and ${criterion.condition} #{criterion.value} and #{criterion.secondValue}
                </when>
                <when test="criterion.listValue">
                  and ${criterion.condition}
                  <foreach close=")" collection="criterion.value" item="listItem" open="(" separator=",">
                    #{listItem}
                  </foreach>
                </when>
              </choose>
            </foreach>
          </trim>
        </if>
      </foreach>
    </where>
  </sql>
  <sql id="Base_Column_List">
    id, content, view_count, create_time, title
  </sql>
  <select id="selectByExample" parameterType="com.phms.pojo.NoticeExample" resultMap="BaseResultMap">
    select
    <if test="distinct">
      distinct
    </if>
    <include refid="Base_Column_List" />
    from notice
    <if test="_parameter != null">
      <include refid="Example_Where_Clause" />
    </if>
    <if test="orderByClause != null">
      order by ${orderByClause}
    </if>
  </select>
  <select id="selectByPrimaryKey" parameterType="java.lang.Long" resultMap="BaseResultMap">
    select 
    <include refid="Base_Column_List" />
    from notice
    where id = #{id,jdbcType=BIGINT}
  </select>
  <delete id="deleteByPrimaryKey" parameterType="java.lang.Long">
    delete from notice
    where id = #{id,jdbcType=BIGINT}
  </delete>
  <delete id="deleteByExample" parameterType="com.phms.pojo.NoticeExample">
    <!--
      WARNING - @mbg.generated
      This element is automatically generated by MyBatis Generator, do not modify.
      This element was generated on Mon Apr 06 17:03:33 CST 2020.
    -->
    delete from notice
    <if test="_parameter != null">
      <include refid="Example_Where_Clause" />
    </if>
  </delete>
  <insert id="insert" parameterType="com.phms.pojo.Notice">
    insert into notice (id, content, view_count, 
      create_time,title)
    values (#{id,jdbcType=BIGINT}, #{content,jdbcType=VARCHAR}, #{viewCount,jdbcType=BIGINT}, 
      #{createTime,jdbcType=TIMESTAMP}, #{title,jdbcType=VARCHAR})
  </insert>
  <insert id="insertSelective" parameterType="com.phms.pojo.Notice">
    <!--
      WARNING - @mbg.generated
      This element is automatically generated by MyBatis Generator, do not modify.
      This element was generated on Mon Apr 06 17:03:33 CST 2020.
    -->
    insert into notice
    <trim prefix="(" suffix=")" suffixOverrides=",">
      <if test="id != null">
        id,
      </if>
      <if test="content != null">
        content,
      </if>
      <if test="title != null">
        title,
      </if>
      <if test="viewCount != null">
        view_count,
      </if>
      <if test="createTime != null">
        create_time,
      </if>
    </trim>
    <trim prefix="values (" suffix=")" suffixOverrides=",">
      <if test="id != null">
        #{id,jdbcType=BIGINT},
      </if>
      <if test="content != null">
        #{content,jdbcType=VARCHAR},
      </if>
      <if test="viewCount != null">
        #{viewCount,jdbcType=BIGINT},
      </if>
      <if test="createTime != null">
        #{createTime,jdbcType=TIMESTAMP},
      </if>
    </trim>
  </insert>
  <select id="countByExample" parameterType="com.phms.pojo.NoticeExample" resultType="java.lang.Long">
    <!--
      WARNING - @mbg.generated
      This element is automatically generated by MyBatis Generator, do not modify.
      This element was generated on Mon Apr 06 17:03:33 CST 2020.
    -->
    select count(*) from notice
    <if test="_parameter != null">
      <include refid="Example_Where_Clause" />
    </if>
  </select>
  <update id="updateByExampleSelective" parameterType="map">

    update notice
    <set>
      <if test="record.id != null">
        id = #{record.id,jdbcType=BIGINT},
      </if>
      <if test="record.content != null">
        content = #{record.content,jdbcType=VARCHAR},
      </if>
      <if test="record.viewCount != null">
        view_count = #{record.viewCount,jdbcType=BIGINT},
      </if>
      <if test="record.createTime != null">
        create_time = #{record.createTime,jdbcType=TIMESTAMP},
      </if>
    </set>
    <if test="_parameter != null">
      <include refid="Update_By_Example_Where_Clause" />
    </if>
  </update>
  <update id="updateByExample" parameterType="map">

    update notice
    set id = #{record.id,jdbcType=BIGINT},
      content = #{record.content,jdbcType=VARCHAR},
      view_count = #{record.viewCount,jdbcType=BIGINT},
      create_time = #{record.createTime,jdbcType=TIMESTAMP}
    <if test="_parameter != null">
      <include refid="Update_By_Example_Where_Clause" />
    </if>
  </update>
  <update id="updateByPrimaryKeySelective" parameterType="com.phms.pojo.Notice">

    update notice
    <set>
      <if test="content != null">
        content = #{content,jdbcType=VARCHAR},
      </if>
      <if test="viewCount != null">
        view_count = #{viewCount,jdbcType=BIGINT},
      </if>
      <if test="createTime != null">
        create_time = #{createTime,jdbcType=TIMESTAMP},
      </if>
    </set>
    where id = #{id,jdbcType=BIGINT}
  </update>
  <update id="updateByPrimaryKey" parameterType="com.phms.pojo.Notice">

    update notice
    set content = #{content,jdbcType=VARCHAR},
      view_count = #{viewCount,jdbcType=BIGINT},
      create_time = #{createTime,jdbcType=TIMESTAMP}
    where id = #{id,jdbcType=BIGINT}
  </update>


  <select id="getAllByLimit"
          parameterType="com.phms.pojo.Notice"
          resultMap="BaseResultMap">
    SELECT
    <include refid="Base_Column_List" />
    FROM `notice`
    <where>
      <if test="content!=null and content !=''" >
        AND content like concat('%',#{content},'%')
      </if>
      <if test="title!=null and title !=''" >
        AND title like concat('%',#{title},'%')
      </if>
    </where>
    ORDER BY id DESC
    <if test="limit!=null">
      limit #{page}, #{limit}
    </if>
  </select>

  <select id="countAllByLimit"
          parameterType="com.phms.pojo.Notice"
          resultType="int">
    SELECT count(id)
    FROM `notice`
    <where>
      <if test="content!=null and content !=''" >
        AND content like concat('%',#{content},'%')
      </if>
      <if test="title!=null and title !=''" >
        AND title like concat('%',#{title},'%')
      </if>
    </where>
  </select>
</mapper>