<?xml version="1.0" encoding="UTF-8" ?>
<!DOCTYPE mapper PUBLIC "-//mybatis.org//DTD Mapper 3.0//EN" "http://mybatis.org/dtd/mybatis-3-mapper.dtd" >
<mapper namespace="com.phms.mapper.RoleMapper" >
  <resultMap id="BaseResultMap" type="com.phms.pojo.Role" >
    <id column="role_id" property="roleId" jdbcType="INTEGER" />
    <result column="name" property="name" jdbcType="VARCHAR" />
    <result column="desc" property="desc" jdbcType="VARCHAR" />
  </resultMap>
  <sql id="Example_Where_Clause" >
    <where >
      <foreach collection="oredCriteria" item="criteria" separator="or" >
        <if test="criteria.valid" >
          <trim prefix="(" suffix=")" prefixOverrides="and" >
            <foreach collection="criteria.criteria" item="criterion" >
              <choose >
                <when test="criterion.noValue" >
                  and ${criterion.condition}
                </when>
                <when test="criterion.singleValue" >
                  and ${criterion.condition} #{criterion.value}
                </when>
                <when test="criterion.betweenValue" >
                  and ${criterion.condition} #{criterion.value} and #{criterion.secondValue}
                </when>
                <when test="criterion.listValue" >
                  and ${criterion.condition}
                  <foreach collection="criterion.value" item="listItem" open="(" close=")" separator="," >
                    #{listItem}
                  </foreach>
                </when>
              </choose>
            </foreach>
          </trim>
        </if>
      </foreach>
    </where>
  </sql>
  <sql id="Update_By_Example_Where_Clause" >
    <where >
      <foreach collection="example.oredCriteria" item="criteria" separator="or" >
        <if test="criteria.valid" >
          <trim prefix="(" suffix=")" prefixOverrides="and" >
            <foreach collection="criteria.criteria" item="criterion" >
              <choose >
                <when test="criterion.noValue" >
                  and ${criterion.condition}
                </when>
                <when test="criterion.singleValue" >
                  and ${criterion.condition} #{criterion.value}
                </when>
                <when test="criterion.betweenValue" >
                  and ${criterion.condition} #{criterion.value} and #{criterion.secondValue}
                </when>
                <when test="criterion.listValue" >
                  and ${criterion.condition}
                  <foreach collection="criterion.value" item="listItem" open="(" close=")" separator="," >
                    #{listItem}
                  </foreach>
                </when>
              </choose>
            </foreach>
          </trim>
        </if>
      </foreach>
    </where>
  </sql>
  <sql id="Base_Column_List" >
    role_id, name, `desc`
  </sql>
  <select id="selectByExample" resultMap="BaseResultMap" parameterType="com.phms.pojo.RoleExample" >
    select
    <if test="distinct" >
      distinct
    </if>
    <include refid="Base_Column_List" />
    from role
    <if test="_parameter != null" >
      <include refid="Example_Where_Clause" />
    </if>
    <if test="orderByClause != null" >
      order by ${orderByClause}
    </if>
  </select>
  <select id="selectByPrimaryKey" resultMap="BaseResultMap" parameterType="java.lang.Integer" >
    select 
    <include refid="Base_Column_List" />
    from role
    where role_id = #{roleId,jdbcType=INTEGER}
  </select>
  <delete id="deleteByPrimaryKey" parameterType="java.lang.Integer" >
    delete from role
    where role_id = #{roleId,jdbcType=INTEGER}
  </delete>
  <delete id="deleteByExample" parameterType="com.phms.pojo.RoleExample" >
    delete from role
    <if test="_parameter != null" >
      <include refid="Example_Where_Clause" />
    </if>
  </delete>
  <insert id="insert" parameterType="com.phms.pojo.Role" >
    insert into role (role_id, name, `desc`
      )
    values (#{roleId,jdbcType=INTEGER}, #{name,jdbcType=VARCHAR}, #{desc,jdbcType=VARCHAR}
      )
  </insert>
  <insert id="insertSelective" parameterType="com.phms.pojo.Role" >
    insert into role
    <trim prefix="(" suffix=")" suffixOverrides="," >
      <if test="roleId != null" >
        role_id,
      </if>
      <if test="name != null" >
        name,
      </if>
      <if test="desc != null" >
        `desc`,
      </if>
    </trim>
    <trim prefix="values (" suffix=")" suffixOverrides="," >
      <if test="roleId != null" >
        #{roleId,jdbcType=INTEGER},
      </if>
      <if test="name != null" >
        #{name,jdbcType=VARCHAR},
      </if>
      <if test="desc != null" >
        #{desc,jdbcType=VARCHAR},
      </if>
    </trim>
  </insert>
  <select id="countByExample" parameterType="com.phms.pojo.RoleExample" resultType="java.lang.Integer" >
    select count(*) from role
    <if test="_parameter != null" >
      <include refid="Example_Where_Clause" />
    </if>
  </select>
  <update id="updateByExampleSelective" parameterType="map" >
    update role
    <set >
      <if test="record.roleId != null" >
        role_id = #{record.roleId,jdbcType=INTEGER},
      </if>
      <if test="record.name != null" >
        name = #{record.name,jdbcType=VARCHAR},
      </if>
      <if test="record.desc != null" >
        `desc` = #{record.desc,jdbcType=VARCHAR},
      </if>
    </set>
    <if test="_parameter != null" >
      <include refid="Update_By_Example_Where_Clause" />
    </if>
  </update>
  <update id="updateByExample" parameterType="map" >
    update role
    set role_id = #{record.roleId,jdbcType=INTEGER},
      name = #{record.name,jdbcType=VARCHAR},
      `desc` = #{record.desc,jdbcType=VARCHAR}
    <if test="_parameter != null" >
      <include refid="Update_By_Example_Where_Clause" />
    </if>
  </update>
  <update id="updateByPrimaryKeySelective" parameterType="com.phms.pojo.Role" >
    update role
    <set >
      <if test="name != null" >
        name = #{name,jdbcType=VARCHAR},
      </if>
      <if test="desc != null" >
        `desc` = #{desc,jdbcType=VARCHAR},
      </if>
    </set>
    where role_id = #{roleId,jdbcType=INTEGER}
  </update>
  <update id="updateByPrimaryKey" parameterType="com.phms.pojo.Role" >
    update role
    set name = #{name,jdbcType=VARCHAR},
      `desc` = #{desc,jdbcType=VARCHAR}
    where role_id = #{roleId,jdbcType=INTEGER}
  </update>
</mapper>