<?xml version="1.0" encoding="UTF-8"?>
<!DOCTYPE mapper PUBLIC "-//mybatis.org//DTD Mapper 3.0//EN" "http://mybatis.org/dtd/mybatis-3-mapper.dtd">
<mapper namespace="com.phms.mapper.StandardMapper">
  <resultMap id="BaseResultMap" type="com.phms.pojo.Standard">
    <id column="id" jdbcType="BIGINT" property="id" />
    <result column="age_min" jdbcType="INTEGER" property="ageMin" />
    <result column="age_max" jdbcType="INTEGER" property="ageMax" />
    <result column="temp_min" jdbcType="DOUBLE" property="tempMin" />
    <result column="temp_max" jdbcType="DOUBLE" property="tempMax" />
    <result column="weight_min" jdbcType="DOUBLE" property="weightMin" />
    <result column="weight_max" jdbcType="DOUBLE" property="weightMax" />
    <result column="height_min" jdbcType="DOUBLE" property="heightMin" />
    <result column="height_max" jdbcType="DOUBLE" property="heightMax" />
    <result column="appetite_min" jdbcType="DOUBLE" property="appetiteMin" />
    <result column="appetite_max" jdbcType="DOUBLE" property="appetiteMax" />
    <result column="type" jdbcType="VARCHAR" property="type" />
    <result column="status" jdbcType="INTEGER" property="status" />
  </resultMap>
  <sql id="Example_Where_Clause">
    <where>
      <foreach collection="oredCriteria" item="criteria" separator="or">
        <if test="criteria.valid">
          <trim prefix="(" prefixOverrides="and" suffix=")">
            <foreach collection="criteria.criteria" item="criterion">
              <choose>
                <when test="criterion.noValue">
                  and ${criterion.condition}
                </when>
                <when test="criterion.singleValue">
                  and ${criterion.condition} #{criterion.value}
                </when>
                <when test="criterion.betweenValue">
                  and ${criterion.condition} #{criterion.value} and #{criterion.secondValue}
                </when>
                <when test="criterion.listValue">
                  and ${criterion.condition}
                  <foreach close=")" collection="criterion.value" item="listItem" open="(" separator=",">
                    #{listItem}
                  </foreach>
                </when>
              </choose>
            </foreach>
          </trim>
        </if>
      </foreach>
    </where>
  </sql>
  <sql id="Update_By_Example_Where_Clause">
    <where>
      <foreach collection="example.oredCriteria" item="criteria" separator="or">
        <if test="criteria.valid">
          <trim prefix="(" prefixOverrides="and" suffix=")">
            <foreach collection="criteria.criteria" item="criterion">
              <choose>
                <when test="criterion.noValue">
                  and ${criterion.condition}
                </when>
                <when test="criterion.singleValue">
                  and ${criterion.condition} #{criterion.value}
                </when>
                <when test="criterion.betweenValue">
                  and ${criterion.condition} #{criterion.value} and #{criterion.secondValue}
                </when>
                <when test="criterion.listValue">
                  and ${criterion.condition}
                  <foreach close=")" collection="criterion.value" item="listItem" open="(" separator=",">
                    #{listItem}
                  </foreach>
                </when>
              </choose>
            </foreach>
          </trim>
        </if>
      </foreach>
    </where>
  </sql>
  <sql id="Base_Column_List">
    id, age_min, age_max, temp_min, temp_max, weight_min, weight_max, height_min, height_max, 
    appetite_min, appetite_max, type, status
  </sql>
  <select id="selectByExample" parameterType="com.phms.pojo.StandardExample" resultMap="BaseResultMap">
    select
    <if test="distinct">
      distinct
    </if>
    <include refid="Base_Column_List" />
    from standard
    <if test="_parameter != null">
      <include refid="Example_Where_Clause" />
    </if>
    <if test="orderByClause != null">
      order by ${orderByClause}
    </if>
  </select>
  <select id="selectByPrimaryKey" parameterType="java.lang.Long" resultMap="BaseResultMap">
    select 
    <include refid="Base_Column_List" />
    from standard
    where id = #{id,jdbcType=BIGINT}
  </select>
  <delete id="deleteByPrimaryKey" parameterType="java.lang.Long">
    delete from standard
    where id = #{id,jdbcType=BIGINT}
  </delete>
  <delete id="deleteByExample" parameterType="com.phms.pojo.StandardExample">
    delete from standard
    <if test="_parameter != null">
      <include refid="Example_Where_Clause" />
    </if>
  </delete>
  <insert id="insert" parameterType="com.phms.pojo.Standard">
    insert into standard (id, age_min, age_max, 
      temp_min, temp_max, weight_min, 
      weight_max, height_min, height_max, 
      appetite_min, appetite_max, type, 
      status)
    values (#{id,jdbcType=BIGINT}, #{ageMin,jdbcType=INTEGER}, #{ageMax,jdbcType=INTEGER}, 
      #{tempMin,jdbcType=DOUBLE}, #{tempMax,jdbcType=DOUBLE}, #{weightMin,jdbcType=DOUBLE}, 
      #{weightMax,jdbcType=DOUBLE}, #{heightMin,jdbcType=DOUBLE}, #{heightMax,jdbcType=DOUBLE}, 
      #{appetiteMin,jdbcType=DOUBLE}, #{appetiteMax,jdbcType=DOUBLE}, #{type,jdbcType=VARCHAR}, 
      #{status,jdbcType=INTEGER})
  </insert>
  <insert id="insertSelective" parameterType="com.phms.pojo.Standard">
    insert into standard
    <trim prefix="(" suffix=")" suffixOverrides=",">
      <if test="id != null">
        id,
      </if>
      <if test="ageMin != null">
        age_min,
      </if>
      <if test="ageMax != null">
        age_max,
      </if>
      <if test="tempMin != null">
        temp_min,
      </if>
      <if test="tempMax != null">
        temp_max,
      </if>
      <if test="weightMin != null">
        weight_min,
      </if>
      <if test="weightMax != null">
        weight_max,
      </if>
      <if test="heightMin != null">
        height_min,
      </if>
      <if test="heightMax != null">
        height_max,
      </if>
      <if test="appetiteMin != null">
        appetite_min,
      </if>
      <if test="appetiteMax != null">
        appetite_max,
      </if>
      <if test="type != null">
        type,
      </if>
      <if test="status != null">
        status,
      </if>
    </trim>
    <trim prefix="values (" suffix=")" suffixOverrides=",">
      <if test="id != null">
        #{id,jdbcType=BIGINT},
      </if>
      <if test="ageMin != null">
        #{ageMin,jdbcType=INTEGER},
      </if>
      <if test="ageMax != null">
        #{ageMax,jdbcType=INTEGER},
      </if>
      <if test="tempMin != null">
        #{tempMin,jdbcType=DOUBLE},
      </if>
      <if test="tempMax != null">
        #{tempMax,jdbcType=DOUBLE},
      </if>
      <if test="weightMin != null">
        #{weightMin,jdbcType=DOUBLE},
      </if>
      <if test="weightMax != null">
        #{weightMax,jdbcType=DOUBLE},
      </if>
      <if test="heightMin != null">
        #{heightMin,jdbcType=DOUBLE},
      </if>
      <if test="heightMax != null">
        #{heightMax,jdbcType=DOUBLE},
      </if>
      <if test="appetiteMin != null">
        #{appetiteMin,jdbcType=DOUBLE},
      </if>
      <if test="appetiteMax != null">
        #{appetiteMax,jdbcType=DOUBLE},
      </if>
      <if test="type != null">
        #{type,jdbcType=VARCHAR},
      </if>
      <if test="status != null">
        #{status,jdbcType=INTEGER},
      </if>
    </trim>
  </insert>
  <select id="countByExample" parameterType="com.phms.pojo.StandardExample" resultType="java.lang.Long">
    <!--
      WARNING - @mbg.generated
      This element is automatically generated by MyBatis Generator, do not modify.
      This element was generated on Mon Apr 06 17:03:33 CST 2020.
    -->
    select count(*) from standard
    <if test="_parameter != null">
      <include refid="Example_Where_Clause" />
    </if>
  </select>
  <update id="updateByExampleSelective" parameterType="map">
    update standard
    <set>
      <if test="record.id != null">
        id = #{record.id,jdbcType=BIGINT},
      </if>
      <if test="record.ageMin != null">
        age_min = #{record.ageMin,jdbcType=INTEGER},
      </if>
      <if test="record.ageMax != null">
        age_max = #{record.ageMax,jdbcType=INTEGER},
      </if>
      <if test="record.tempMin != null">
        temp_min = #{record.tempMin,jdbcType=DOUBLE},
      </if>
      <if test="record.tempMax != null">
        temp_max = #{record.tempMax,jdbcType=DOUBLE},
      </if>
      <if test="record.weightMin != null">
        weight_min = #{record.weightMin,jdbcType=DOUBLE},
      </if>
      <if test="record.weightMax != null">
        weight_max = #{record.weightMax,jdbcType=DOUBLE},
      </if>
      <if test="record.heightMin != null">
        height_min = #{record.heightMin,jdbcType=DOUBLE},
      </if>
      <if test="record.heightMax != null">
        height_max = #{record.heightMax,jdbcType=DOUBLE},
      </if>
      <if test="record.appetiteMin != null">
        appetite_min = #{record.appetiteMin,jdbcType=DOUBLE},
      </if>
      <if test="record.appetiteMax != null">
        appetite_max = #{record.appetiteMax,jdbcType=DOUBLE},
      </if>
      <if test="record.type != null">
        type = #{record.type,jdbcType=VARCHAR},
      </if>
      <if test="record.status != null">
        status = #{record.status,jdbcType=INTEGER},
      </if>
    </set>
    <if test="_parameter != null">
      <include refid="Update_By_Example_Where_Clause" />
    </if>
  </update>
  <update id="updateByExample" parameterType="map">
    update standard
    set id = #{record.id,jdbcType=BIGINT},
      age_min = #{record.ageMin,jdbcType=INTEGER},
      age_max = #{record.ageMax,jdbcType=INTEGER},
      temp_min = #{record.tempMin,jdbcType=DOUBLE},
      temp_max = #{record.tempMax,jdbcType=DOUBLE},
      weight_min = #{record.weightMin,jdbcType=DOUBLE},
      weight_max = #{record.weightMax,jdbcType=DOUBLE},
      height_min = #{record.heightMin,jdbcType=DOUBLE},
      height_max = #{record.heightMax,jdbcType=DOUBLE},
      appetite_min = #{record.appetiteMin,jdbcType=DOUBLE},
      appetite_max = #{record.appetiteMax,jdbcType=DOUBLE},
      type = #{record.type,jdbcType=VARCHAR},
      status = #{record.status,jdbcType=INTEGER}
    <if test="_parameter != null">
      <include refid="Update_By_Example_Where_Clause" />
    </if>
  </update>
  <update id="updateByPrimaryKeySelective" parameterType="com.phms.pojo.Standard">
    update standard
    <set>
      <if test="ageMin != null">
        age_min = #{ageMin,jdbcType=INTEGER},
      </if>
      <if test="ageMax != null">
        age_max = #{ageMax,jdbcType=INTEGER},
      </if>
      <if test="tempMin != null">
        temp_min = #{tempMin,jdbcType=DOUBLE},
      </if>
      <if test="tempMax != null">
        temp_max = #{tempMax,jdbcType=DOUBLE},
      </if>
      <if test="weightMin != null">
        weight_min = #{weightMin,jdbcType=DOUBLE},
      </if>
      <if test="weightMax != null">
        weight_max = #{weightMax,jdbcType=DOUBLE},
      </if>
      <if test="heightMin != null">
        height_min = #{heightMin,jdbcType=DOUBLE},
      </if>
      <if test="heightMax != null">
        height_max = #{heightMax,jdbcType=DOUBLE},
      </if>
      <if test="appetiteMin != null">
        appetite_min = #{appetiteMin,jdbcType=DOUBLE},
      </if>
      <if test="appetiteMax != null">
        appetite_max = #{appetiteMax,jdbcType=DOUBLE},
      </if>
      <if test="type != null">
        type = #{type,jdbcType=VARCHAR},
      </if>
      <if test="status != null">
        status = #{status,jdbcType=INTEGER},
      </if>
    </set>
    where id = #{id,jdbcType=BIGINT}
  </update>
  <update id="updateByPrimaryKey" parameterType="com.phms.pojo.Standard">
    update standard
    set age_min = #{ageMin,jdbcType=INTEGER},
      age_max = #{ageMax,jdbcType=INTEGER},
      temp_min = #{tempMin,jdbcType=DOUBLE},
      temp_max = #{tempMax,jdbcType=DOUBLE},
      weight_min = #{weightMin,jdbcType=DOUBLE},
      weight_max = #{weightMax,jdbcType=DOUBLE},
      height_min = #{heightMin,jdbcType=DOUBLE},
      height_max = #{heightMax,jdbcType=DOUBLE},
      appetite_min = #{appetiteMin,jdbcType=DOUBLE},
      appetite_max = #{appetiteMax,jdbcType=DOUBLE},
      type = #{type,jdbcType=VARCHAR},
      status = #{status,jdbcType=INTEGER}
    where id = #{id,jdbcType=BIGINT}
  </update>

  <select id="getAllByLimit"
          parameterType="com.phms.pojo.Standard"
          resultMap="BaseResultMap">
    SELECT
    <include refid="Base_Column_List" />
    FROM `standard`
    <where>
      <if test="status!=null and status !=''" >
        AND status = #{status}
      </if>
      <if test="type !=null and type!=''">
        AND type = #{type}
      </if>
      <if test="ageMax !=null">
        AND (age_min &lt;=#{ageMax} OR age_max &gt;=#{ageMax})
      </if>
    </where>
    ORDER BY id DESC
    <if test="limit!=null">
      limit #{page}, #{limit}
    </if>
  </select>

  <select id="countAllByLimit"
          parameterType="com.phms.pojo.Standard"
          resultType="int">
    SELECT count(id)
    FROM `standard`
    <where>
      <if test="status!=null and status !=''" >
        AND status = #{status}
      </if>
      <if test="type !=null and type!=''">
        AND type = #{type}
      </if>
    </where>
  </select>
</mapper>