<?xml version="1.0" encoding="UTF-8"?>
<!DOCTYPE mapper PUBLIC "-//mybatis.org//DTD Mapper 3.0//EN" "http://mybatis.org/dtd/mybatis-3-mapper.dtd">
<mapper namespace="com.phms.mapper.UserMapper">
  <resultMap id="BaseResultMap" type="com.phms.pojo.User">
    <id column="id" jdbcType="BIGINT" property="id" />
    <result column="age" jdbcType="INTEGER" property="age" />
    <result column="name" jdbcType="VARCHAR" property="name" />
    <result column="password" jdbcType="VARCHAR" property="password" />
    <result column="email" jdbcType="VARCHAR" property="email" />
    <result column="id_card" jdbcType="VARCHAR" property="idCard" />
    <result column="id_name" jdbcType="VARCHAR" property="idName" />
    <result column="qualification" jdbcType="VARCHAR" property="qualification" />
    <result column="hospital_name" jdbcType="VARCHAR" property="hospitalName" />
    <result column="hospital_address" jdbcType="VARCHAR" property="hospitalAddress" />
    <result column="department" jdbcType="VARCHAR" property="department" />
    <result column="info" jdbcType="VARCHAR" property="info" />
    <result column="img" jdbcType="VARCHAR" property="img" />
    <result column="phone" jdbcType="VARCHAR" property="phone" />
    <result column="address" jdbcType="VARCHAR" property="address" />
    <result column="create_time" jdbcType="TIMESTAMP" property="createTime" />
  </resultMap>
  <sql id="Example_Where_Clause">
    <where>
      <foreach collection="oredCriteria" item="criteria" separator="or">
        <if test="criteria.valid">
          <trim prefix="(" prefixOverrides="and" suffix=")">
            <foreach collection="criteria.criteria" item="criterion">
              <choose>
                <when test="criterion.noValue">
                  and ${criterion.condition}
                </when>
                <when test="criterion.singleValue">
                  and ${criterion.condition} #{criterion.value}
                </when>
                <when test="criterion.betweenValue">
                  and ${criterion.condition} #{criterion.value} and #{criterion.secondValue}
                </when>
                <when test="criterion.listValue">
                  and ${criterion.condition}
                  <foreach close=")" collection="criterion.value" item="listItem" open="(" separator=",">
                    #{listItem}
                  </foreach>
                </when>
              </choose>
            </foreach>
          </trim>
        </if>
      </foreach>
    </where>
  </sql>
  <sql id="Update_By_Example_Where_Clause">
    <where>
      <foreach collection="example.oredCriteria" item="criteria" separator="or">
        <if test="criteria.valid">
          <trim prefix="(" prefixOverrides="and" suffix=")">
            <foreach collection="criteria.criteria" item="criterion">
              <choose>
                <when test="criterion.noValue">
                  and ${criterion.condition}
                </when>
                <when test="criterion.singleValue">
                  and ${criterion.condition} #{criterion.value}
                </when>
                <when test="criterion.betweenValue">
                  and ${criterion.condition} #{criterion.value} and #{criterion.secondValue}
                </when>
                <when test="criterion.listValue">
                  and ${criterion.condition}
                  <foreach close=")" collection="criterion.value" item="listItem" open="(" separator=",">
                    #{listItem}
                  </foreach>
                </when>
              </choose>
            </foreach>
          </trim>
        </if>
      </foreach>
    </where>
  </sql>
  <sql id="Base_Column_List">
    id, age, name, password, email, id_card, id_name, qualification, hospital_name, hospital_address, 
    department, info, img, phone, address, create_time
  </sql>
  <select id="selectByExample" parameterType="com.phms.pojo.UserExample" resultMap="BaseResultMap">
    select
    <if test="distinct">
      distinct
    </if>
    <include refid="Base_Column_List" />
    from user
    <if test="_parameter != null">
      <include refid="Example_Where_Clause" />
    </if>
    <if test="orderByClause != null">
      order by ${orderByClause}
    </if>
  </select>
  <select id="selectByPrimaryKey" parameterType="java.lang.Long" resultMap="BaseResultMap">
    select 
    <include refid="Base_Column_List" />
    from user
    where id = #{id,jdbcType=BIGINT}
  </select>
  <delete id="deleteByPrimaryKey" parameterType="java.lang.Long">
    delete from user
    where id = #{id,jdbcType=BIGINT}
  </delete>
  <delete id="deleteByExample" parameterType="com.phms.pojo.UserExample">
    delete from user
    <if test="_parameter != null">
      <include refid="Example_Where_Clause" />
    </if>
  </delete>
  <insert id="insert" parameterType="com.phms.pojo.User" useGeneratedKeys="true" keyProperty="id">
    insert into user (id, age, name, 
      password, email, id_card, 
      id_name, qualification, hospital_name, 
      hospital_address, department, info, 
      img, phone, address, 
      create_time)
    values (#{id,jdbcType=BIGINT}, #{age,jdbcType=INTEGER}, #{name,jdbcType=VARCHAR}, 
      #{password,jdbcType=VARCHAR}, #{email,jdbcType=VARCHAR}, #{idCard,jdbcType=VARCHAR}, 
      #{idName,jdbcType=VARCHAR}, #{qualification,jdbcType=VARCHAR}, #{hospitalName,jdbcType=VARCHAR}, 
      #{hospitalAddress,jdbcType=VARCHAR}, #{department,jdbcType=VARCHAR}, #{info,jdbcType=VARCHAR}, 
      #{img,jdbcType=VARCHAR}, #{phone,jdbcType=VARCHAR}, #{address,jdbcType=VARCHAR}, 
      #{createTime,jdbcType=TIMESTAMP})
  </insert>
  <insert id="insertSelective" parameterType="com.phms.pojo.User">
    insert into user
    <trim prefix="(" suffix=")" suffixOverrides=",">
      <if test="id != null">
        id,
      </if>
      <if test="age != null">
        age,
      </if>
      <if test="name != null">
        name,
      </if>
      <if test="password != null">
        password,
      </if>
      <if test="email != null">
        email,
      </if>
      <if test="idCard != null">
        id_card,
      </if>
      <if test="idName != null">
        id_name,
      </if>
      <if test="qualification != null">
        qualification,
      </if>
      <if test="hospitalName != null">
        hospital_name,
      </if>
      <if test="hospitalAddress != null">
        hospital_address,
      </if>
      <if test="department != null">
        department,
      </if>
      <if test="info != null">
        info,
      </if>
      <if test="img != null">
        img,
      </if>
      <if test="phone != null">
        phone,
      </if>
      <if test="address != null">
        address,
      </if>
      <if test="createTime != null">
        create_time,
      </if>
    </trim>
    <trim prefix="values (" suffix=")" suffixOverrides=",">
      <if test="id != null">
        #{id,jdbcType=BIGINT},
      </if>
      <if test="age != null">
        #{age,jdbcType=INTEGER},
      </if>
      <if test="name != null">
        #{name,jdbcType=VARCHAR},
      </if>
      <if test="password != null">
        #{password,jdbcType=VARCHAR},
      </if>
      <if test="email != null">
        #{email,jdbcType=VARCHAR},
      </if>
      <if test="idCard != null">
        #{idCard,jdbcType=VARCHAR},
      </if>
      <if test="idName != null">
        #{idName,jdbcType=VARCHAR},
      </if>
      <if test="qualification != null">
        #{qualification,jdbcType=VARCHAR},
      </if>
      <if test="hospitalName != null">
        #{hospitalName,jdbcType=VARCHAR},
      </if>
      <if test="hospitalAddress != null">
        #{hospitalAddress,jdbcType=VARCHAR},
      </if>
      <if test="department != null">
        #{department,jdbcType=VARCHAR},
      </if>
      <if test="info != null">
        #{info,jdbcType=VARCHAR},
      </if>
      <if test="img != null">
        #{img,jdbcType=VARCHAR},
      </if>
      <if test="phone != null">
        #{phone,jdbcType=VARCHAR},
      </if>
      <if test="address != null">
        #{address,jdbcType=VARCHAR},
      </if>
      <if test="createTime != null">
        #{createTime,jdbcType=TIMESTAMP},
      </if>
    </trim>
  </insert>
  <select id="countByExample" parameterType="com.phms.pojo.UserExample" resultType="java.lang.Long">
    select count(*) from user
    <if test="_parameter != null">
      <include refid="Example_Where_Clause" />
    </if>
  </select>
  <update id="updateByExampleSelective" parameterType="map">
    update user
    <set>
      <if test="record.id != null">
        id = #{record.id,jdbcType=BIGINT},
      </if>
      <if test="record.age != null">
        age = #{record.age,jdbcType=INTEGER},
      </if>
      <if test="record.name != null">
        name = #{record.name,jdbcType=VARCHAR},
      </if>
      <if test="record.password != null">
        password = #{record.password,jdbcType=VARCHAR},
      </if>
      <if test="record.email != null">
        email = #{record.email,jdbcType=VARCHAR},
      </if>
      <if test="record.idCard != null">
        id_card = #{record.idCard,jdbcType=VARCHAR},
      </if>
      <if test="record.idName != null">
        id_name = #{record.idName,jdbcType=VARCHAR},
      </if>
      <if test="record.qualification != null">
        qualification = #{record.qualification,jdbcType=VARCHAR},
      </if>
      <if test="record.hospitalName != null">
        hospital_name = #{record.hospitalName,jdbcType=VARCHAR},
      </if>
      <if test="record.hospitalAddress != null">
        hospital_address = #{record.hospitalAddress,jdbcType=VARCHAR},
      </if>
      <if test="record.department != null">
        department = #{record.department,jdbcType=VARCHAR},
      </if>
      <if test="record.info != null">
        info = #{record.info,jdbcType=VARCHAR},
      </if>
      <if test="record.img != null">
        img = #{record.img,jdbcType=VARCHAR},
      </if>
      <if test="record.phone != null">
        phone = #{record.phone,jdbcType=VARCHAR},
      </if>
      <if test="record.address != null">
        address = #{record.address,jdbcType=VARCHAR},
      </if>
      <if test="record.createTime != null">
        create_time = #{record.createTime,jdbcType=TIMESTAMP},
      </if>
    </set>
    <if test="_parameter != null">
      <include refid="Update_By_Example_Where_Clause" />
    </if>
  </update>
  <update id="updateByExample" parameterType="map">
    update user
    set id = #{record.id,jdbcType=BIGINT},
      age = #{record.age,jdbcType=INTEGER},
      name = #{record.name,jdbcType=VARCHAR},
      password = #{record.password,jdbcType=VARCHAR},
      email = #{record.email,jdbcType=VARCHAR},
      id_card = #{record.idCard,jdbcType=VARCHAR},
      id_name = #{record.idName,jdbcType=VARCHAR},
      qualification = #{record.qualification,jdbcType=VARCHAR},
      hospital_name = #{record.hospitalName,jdbcType=VARCHAR},
      hospital_address = #{record.hospitalAddress,jdbcType=VARCHAR},
      department = #{record.department,jdbcType=VARCHAR},
      info = #{record.info,jdbcType=VARCHAR},
      img = #{record.img,jdbcType=VARCHAR},
      phone = #{record.phone,jdbcType=VARCHAR},
      address = #{record.address,jdbcType=VARCHAR},
      create_time = #{record.createTime,jdbcType=TIMESTAMP}
    <if test="_parameter != null">
      <include refid="Update_By_Example_Where_Clause" />
    </if>
  </update>
  <update id="updateByPrimaryKeySelective" parameterType="com.phms.pojo.User">
    update user
    <set>
      <if test="age != null">
        age = #{age,jdbcType=INTEGER},
      </if>
      <if test="name != null">
        name = #{name,jdbcType=VARCHAR},
      </if>
      <if test="password != null">
        password = #{password,jdbcType=VARCHAR},
      </if>
      <if test="email != null">
        email = #{email,jdbcType=VARCHAR},
      </if>
      <if test="idCard != null">
        id_card = #{idCard,jdbcType=VARCHAR},
      </if>
      <if test="idName != null">
        id_name = #{idName,jdbcType=VARCHAR},
      </if>
      <if test="qualification != null">
        qualification = #{qualification,jdbcType=VARCHAR},
      </if>
      <if test="hospitalName != null">
        hospital_name = #{hospitalName,jdbcType=VARCHAR},
      </if>
      <if test="hospitalAddress != null">
        hospital_address = #{hospitalAddress,jdbcType=VARCHAR},
      </if>
      <if test="department != null">
        department = #{department,jdbcType=VARCHAR},
      </if>
      <if test="info != null">
        info = #{info,jdbcType=VARCHAR},
      </if>
      <if test="img != null">
        img = #{img,jdbcType=VARCHAR},
      </if>
      <if test="phone != null">
        phone = #{phone,jdbcType=VARCHAR},
      </if>
      <if test="address != null">
        address = #{address,jdbcType=VARCHAR},
      </if>
      <if test="createTime != null">
        create_time = #{createTime,jdbcType=TIMESTAMP},
      </if>
    </set>
    where id = #{id,jdbcType=BIGINT}
  </update>
  <update id="updateByPrimaryKey" parameterType="com.phms.pojo.User">
    update user
    set age = #{age,jdbcType=INTEGER},
      name = #{name,jdbcType=VARCHAR},
      password = #{password,jdbcType=VARCHAR},
      email = #{email,jdbcType=VARCHAR},
      id_card = #{idCard,jdbcType=VARCHAR},
      id_name = #{idName,jdbcType=VARCHAR},
      qualification = #{qualification,jdbcType=VARCHAR},
      hospital_name = #{hospitalName,jdbcType=VARCHAR},
      hospital_address = #{hospitalAddress,jdbcType=VARCHAR},
      department = #{department,jdbcType=VARCHAR},
      info = #{info,jdbcType=VARCHAR},
      img = #{img,jdbcType=VARCHAR},
      phone = #{phone,jdbcType=VARCHAR},
      address = #{address,jdbcType=VARCHAR},
      create_time = #{createTime,jdbcType=TIMESTAMP}
    where id = #{id,jdbcType=BIGINT}
  </update>

  <select id="countAllUserByRoleId"
          parameterType="java.lang.Integer" resultType="java.lang.Integer">
		SELECT COUNT(*)
		FROM
		`user` u
		LEFT JOIN user_role ur ON ur.user_id = u.id
		WHERE
		ur.role_id = #{roleId,jdbcType=INTEGER}
	</select>

  <select id="getAllUserByRoleId"
          parameterType="java.lang.Integer" resultMap="BaseResultMap">
    SELECT u.*
    FROM `user` u
    LEFT JOIN user_role ur ON ur.user_id =
    u.id
    WHERE ur.role_id = #{roleId,jdbcType=INTEGER}
    ORDER BY u.create_time DESC
    <if test="count!=null">
      limit #{begin}, #{count}
    </if>
  </select>

  <select id="countAllUserByNotRoleId"
          parameterType="java.lang.Integer" resultType="java.lang.Integer">
		SELECT COUNT(*)
		FROM
		`user` u
		LEFT JOIN user_role ur ON ur.user_id = u.id
		WHERE
		ISNULL(ur.role_id)
	</select>

  <select id="getAllUserByNotRoleId"
          parameterType="java.lang.Integer" resultMap="BaseResultMap">
    SELECT u.*
    FROM `user` u
    LEFT JOIN user_role ur ON ur.user_id =
    u.id
    WHERE ISNULL(ur.role_id)
    ORDER BY
    u.create_time DESC
    <if test="count!=null">
      limit #{begin}, #{count}
    </if>
  </select>


  <sql id="user_condition">
    <where>
      <if test="name!=null and name!=''">
        and name like concat('%',#{name},'%')
      </if>
    </where>
  </sql>

  <select id="getAllUserByLimit"
          parameterType="com.phms.pojo.UserParameter"
          resultMap="BaseResultMap">
    SELECT
    <include refid="Base_Column_List" />
    FROM `user`
    <include refid="user_condition"></include>
    ORDER BY create_time DESC
    <if test="limit!=null">
      limit #{page}, #{limit}
    </if>
  </select>

  <select id="countAllUserByLimit"
          parameterType="com.phms.pojo.UserParameter" resultType="int">
    SELECT COUNT(*)
    FROM `user`
    <include refid="user_condition"></include>
  </select>

  <select id="getAllDelUserByLimit"
          parameterType="com.phms.pojo.UserParameter"
          resultMap="BaseResultMap">
    SELECT
    <include refid="Base_Column_List" />
    FROM `user`
    <include refid="user_condition"></include>
    ORDER BY create_time DESC
    <if test="limit!=null">
      limit #{page}, #{limit}
    </if>
  </select>

  <select id="countAllDelUserByLimit"
          parameterType="com.phms.pojo.UserParameter" resultType="int">
    SELECT COUNT(*)
    FROM user
    <include refid="user_condition"></include>
  </select>

  <select id="getByName" parameterType="java.lang.String"
          resultMap="BaseResultMap">
		SELECT *
		FROM user where name = #{username}
	</select>

  <select id="selectAllUser" parameterType="com.phms.pojo.UserParameter" resultMap="BaseResultMap">
	 select * from user
	</select>

  <select id="getUserByPhoneAndName"  resultMap="BaseResultMap">
        select * from user
        <where>
          <if test="name!=null and name!=''">
             and name = #{name}
          </if>
          <if test="phone!=null and phone!=''">
            and phone = #{phone}
          </if>
        </where>
    </select>

  <select id="selectByIdCard"  resultMap="BaseResultMap">
        select * from user
        where id_card = #{idCard}
    </select>
</mapper>