/*
Navicat MySQL Data Transfer

Source Server         : yorkmass
Source Server Version : 50642
Source Host           : localhost:3306
Source Database       : bao

Target Server Type    : MYSQL
Target Server Version : 50642
File Encoding         : 65001

Date: 2020-04-22 13:47:28
*/

SET FOREIGN_KEY_CHECKS=0;

-- ----------------------------
-- Table structure for bus_message
-- ----------------------------
DROP TABLE IF EXISTS `bus_message`;
CREATE TABLE `bus_message` (
  `id` int(11) NOT NULL AUTO_INCREMENT,
  `fromid` int(11) DEFAULT NULL,
  `toid` int(11) DEFAULT NULL,
  `message` varchar(255) COLLATE utf8_unicode_ci DEFAULT NULL,
  `time` datetime DEFAULT NULL,
  PRIMARY KEY (`id`)
) ENGINE=InnoDB AUTO_INCREMENT=20 DEFAULT CHARSET=utf8 COLLATE=utf8_unicode_ci;

-- ----------------------------
-- Records of bus_message
-- ----------------------------
INSERT INTO `bus_message` VALUES ('1', '30', '37', '你好吗', '2020-04-02 22:46:28');
INSERT INTO `bus_message` VALUES ('12', '37', '30', '我要去睡觉了，晚安', '2020-04-21 18:11:38');
INSERT INTO `bus_message` VALUES ('15', '30', '37', '我要去睡觉了，晚安我要去睡觉了', '2020-04-21 18:14:17');
INSERT INTO `bus_message` VALUES ('16', '30', '37', '睡尼玛的觉，垃圾', '2020-04-22 04:04:53');
INSERT INTO `bus_message` VALUES ('17', '30', '38', '来玩啊，你今天开心吗', '2020-04-22 04:05:10');

-- ----------------------------
-- Table structure for bus_score
-- ----------------------------
DROP TABLE IF EXISTS `bus_score`;
CREATE TABLE `bus_score` (
  `id` int(11) NOT NULL AUTO_INCREMENT,
  `testid` varchar(11) COLLATE utf8_unicode_ci DEFAULT NULL,
  `testname` varchar(50) COLLATE utf8_unicode_ci DEFAULT NULL,
  `deptid` int(11) DEFAULT NULL,
  `userid` int(11) DEFAULT NULL,
  `username` varchar(50) COLLATE utf8_unicode_ci DEFAULT NULL,
  `chinesescore` int(255) DEFAULT NULL,
  `mathscore` int(255) DEFAULT NULL,
  `englishscore` int(255) DEFAULT NULL,
  `totlescore` int(3) DEFAULT NULL,
  `teacherwords` varchar(255) COLLATE utf8_unicode_ci DEFAULT '',
  `deptname` varchar(25) COLLATE utf8_unicode_ci DEFAULT NULL,
  PRIMARY KEY (`id`)
) ENGINE=InnoDB AUTO_INCREMENT=685 DEFAULT CHARSET=utf8 COLLATE=utf8_unicode_ci;

-- ----------------------------
-- Records of bus_score
-- ----------------------------
INSERT INTO `bus_score` VALUES ('445', '128669', '期中考试', '7', '10001101', '刘增宝', '90', '88', '100', '278', '近期优秀', '一年级一班');
INSERT INTO `bus_score` VALUES ('446', '128669', '期中考试', '7', '10001102', '刘增贝', '91', '89', '95', '275', '你最棒', '一年级一班');
INSERT INTO `bus_score` VALUES ('447', '128669', '期中考试', '7', '10001103', '刘增边', '92', '88', '94', '274', '大家都很厉害', '一年级一班');
INSERT INTO `bus_score` VALUES ('448', '128669', '期中考试', '7', '10001104', '刘增宋', '93', '90', '95', '278', '最近表现很好', '一年级一班');
INSERT INTO `bus_score` VALUES ('449', '128669', '期中考试', '7', '10001105', '刘增晶', '90', '99', '91', '280', '你很优秀', '一年级一班');
INSERT INTO `bus_score` VALUES ('450', '128669', '期中考试', '7', '10001106', '刘增好', '60', '88', '66', '214', '英语太菜了', '一年级一班');
INSERT INTO `bus_score` VALUES ('451', '128669', '期中考试', '7', '10001107', '刘增益', '80', '85', '96', '261', '偏科', '一年级一班');
INSERT INTO `bus_score` VALUES ('452', '128669', '期中考试', '7', '10001108', '刘增和', '80', '85', '96', '261', '偏科', '一年级一班');
INSERT INTO `bus_score` VALUES ('453', '128669', '期中考试', '7', '10001109', '刘增大', '74', '85', '100', '259', '偏科', '一年级一班');
INSERT INTO `bus_score` VALUES ('454', '128669', '期中考试', '7', '10001110', '刘增白', '86', '50', '96', '232', '偏科', '一年级一班');
INSERT INTO `bus_score` VALUES ('455', '128669', '期中考试', '7', '10001111', '刘涵宝', '90', '88', '100', '278', '近期优秀', '一年级一班');
INSERT INTO `bus_score` VALUES ('456', '128669', '期中考试', '7', '10001112', '刘涵贝', '91', '89', '95', '275', '你最棒', '一年级一班');
INSERT INTO `bus_score` VALUES ('457', '128669', '期中考试', '7', '10001113', '刘涵边', '92', '96', '94', '282', '大家都很厉害', '一年级一班');
INSERT INTO `bus_score` VALUES ('458', '128669', '期中考试', '7', '10001114', '刘涵宋', '93', '90', '84', '267', '最近表现很好', '一年级一班');
INSERT INTO `bus_score` VALUES ('459', '128669', '期中考试', '7', '10001115', '刘涵晶', '90', '99', '91', '280', '你很优秀', '一年级一班');
INSERT INTO `bus_score` VALUES ('460', '128669', '期中考试', '7', '10001116', '刘涵好', '66', '88', '74', '228', '英语太菜了', '一年级一班');
INSERT INTO `bus_score` VALUES ('461', '128669', '期中考试', '7', '10001117', '刘涵益', '36', '85', '85', '206', '偏科', '一年级一班');
INSERT INTO `bus_score` VALUES ('462', '128669', '期中考试', '7', '10001118', '刘涵益', '84', '85', '96', '265', '偏科', '一年级一班');
INSERT INTO `bus_score` VALUES ('463', '128669', '期中考试', '7', '10001119', '刘涵大', '10', '85', '100', '195', '偏科', '一年级一班');
INSERT INTO `bus_score` VALUES ('464', '128669', '期中考试', '7', '10001120', '刘涵白', '15', '96', '74', '185', '偏科', '一年级一班');
INSERT INTO `bus_score` VALUES ('465', '128669', '期中考试', '8', '10001121', '刘涵1', '20', '74', '64', '158', '听课走思严重', '一年级二班');
INSERT INTO `bus_score` VALUES ('466', '128669', '期中考试', '8', '10001122', '刘涵2', '25', '52', '74', '151', '听课走思严重', '一年级二班');
INSERT INTO `bus_score` VALUES ('467', '128669', '期中考试', '8', '10001123', '刘涵3', '30', '96', '96', '222', '听课走思严重', '一年级二班');
INSERT INTO `bus_score` VALUES ('468', '128669', '期中考试', '8', '10001124', '刘涵4', '35', '63', '25', '123', '听课走思严重', '一年级二班');
INSERT INTO `bus_score` VALUES ('469', '128669', '期中考试', '8', '10001125', '刘涵5', '40', '74', '36', '150', '听课走思严重', '一年级二班');
INSERT INTO `bus_score` VALUES ('470', '128669', '期中考试', '8', '10001126', '刘涵6', '45', '84', '47', '176', '听课走思严重', '一年级二班');
INSERT INTO `bus_score` VALUES ('471', '128669', '期中考试', '8', '10001127', '刘涵7', '50', '88', '89', '227', '听课走思严重', '一年级二班');
INSERT INTO `bus_score` VALUES ('472', '128669', '期中考试', '8', '10001128', '刘涵8', '55', '14', '58', '127', '听课走思严重', '一年级二班');
INSERT INTO `bus_score` VALUES ('473', '128669', '期中考试', '8', '10001129', '刘涵9', '60', '85', '69', '214', '听课走思严重', '一年级二班');
INSERT INTO `bus_score` VALUES ('474', '128669', '期中考试', '8', '10001130', '刘涵10', '65', '65', '64', '194', '听课走思严重', '一年级二班');
INSERT INTO `bus_score` VALUES ('475', '128669', '期中考试', '8', '10001131', '刘涵11', '70', '87', '64', '221', '听课走思严重', '一年级二班');
INSERT INTO `bus_score` VALUES ('476', '128669', '期中考试', '8', '10001132', '刘涵12', '75', '98', '74', '247', '听课走思严重', '一年级二班');
INSERT INTO `bus_score` VALUES ('477', '128669', '期中考试', '8', '10001133', '刘涵13', '80', '36', '87', '203', '听课走思严重', '一年级二班');
INSERT INTO `bus_score` VALUES ('478', '128669', '期中考试', '8', '10001134', '刘涵14', '85', '74', '87', '246', '听课走思严重', '一年级二班');
INSERT INTO `bus_score` VALUES ('479', '128669', '期中考试', '8', '10001135', '刘涵15', '90', '85', '63', '238', '听课走思严重', '一年级二班');
INSERT INTO `bus_score` VALUES ('480', '128669', '期中考试', '8', '10001136', '刘涵16', '95', '44', '87', '226', '听课走思严重', '一年级二班');
INSERT INTO `bus_score` VALUES ('481', '128669', '期中考试', '8', '10001137', '刘涵17', '100', '55', '74', '229', '听课走思严重', '一年级二班');
INSERT INTO `bus_score` VALUES ('482', '128669', '期中考试', '8', '10001138', '刘涵18', '56', '66', '76', '198', '听课走思严重', '一年级二班');
INSERT INTO `bus_score` VALUES ('483', '128669', '期中考试', '8', '10001139', '刘涵19', '85', '77', '71', '233', '听课走思严重', '一年级二班');
INSERT INTO `bus_score` VALUES ('484', '128669', '期中考试', '8', '10001140', '刘涵20', '74', '88', '64', '226', '听课走思严重', '一年级二班');
INSERT INTO `bus_score` VALUES ('485', '128669', '期中考试', '9', '10001141', '刘增1', '87', '99', '99', '285', '数学作业经常不写', '二年级一班');
INSERT INTO `bus_score` VALUES ('486', '128669', '期中考试', '9', '10001142', '刘增2', '84', '55', '88', '227', '不听话', '二年级一班');
INSERT INTO `bus_score` VALUES ('487', '128669', '期中考试', '9', '10001143', '刘增3', '41', '99', '55', '195', '不听话', '二年级一班');
INSERT INTO `bus_score` VALUES ('488', '128669', '期中考试', '9', '10001144', '刘增4', '66', '88', '75', '229', '不听话', '二年级一班');
INSERT INTO `bus_score` VALUES ('489', '128669', '期中考试', '9', '10001145', '刘增5', '88', '65', '89', '242', '不听话', '二年级一班');
INSERT INTO `bus_score` VALUES ('490', '128669', '期中考试', '9', '10001146', '刘增6', '42', '54', '98', '194', '不听话', '二年级一班');
INSERT INTO `bus_score` VALUES ('491', '128669', '期中考试', '9', '10001147', '刘增7', '66', '78', '77', '221', '不听话', '二年级一班');
INSERT INTO `bus_score` VALUES ('492', '128669', '期中考试', '9', '10001148', '刘增8', '47', '77', '55', '179', '不听话', '二年级一班');
INSERT INTO `bus_score` VALUES ('493', '128669', '期中考试', '9', '10001149', '刘增9', '20', '56', '39', '115', '不听话', '二年级一班');
INSERT INTO `bus_score` VALUES ('494', '128669', '期中考试', '9', '10001150', '刘增10', '52', '67', '78', '197', '近期优秀', '二年级一班');
INSERT INTO `bus_score` VALUES ('495', '128669', '期中考试', '9', '10001151', '刘增11', '54', '69', '80', '203', '你最棒', '二年级一班');
INSERT INTO `bus_score` VALUES ('496', '128669', '期中考试', '9', '10001152', '刘增12', '56', '71', '82', '209', '大家都很厉害', '二年级一班');
INSERT INTO `bus_score` VALUES ('497', '128669', '期中考试', '9', '10001153', '刘增13', '58', '73', '84', '215', '最近表现很好', '二年级一班');
INSERT INTO `bus_score` VALUES ('498', '128669', '期中考试', '9', '10001154', '刘增14', '60', '75', '86', '221', '你很优秀', '二年级一班');
INSERT INTO `bus_score` VALUES ('499', '128669', '期中考试', '9', '10001155', '刘增15', '62', '77', '88', '227', '英语太菜了', '二年级一班');
INSERT INTO `bus_score` VALUES ('500', '128669', '期中考试', '9', '10001156', '刘增16', '64', '79', '90', '233', '偏科', '二年级一班');
INSERT INTO `bus_score` VALUES ('501', '128669', '期中考试', '9', '10001157', '刘增17', '66', '81', '92', '239', '偏科', '二年级一班');
INSERT INTO `bus_score` VALUES ('502', '128669', '期中考试', '9', '10001158', '刘增18', '68', '83', '94', '245', '不听话', '二年级一班');
INSERT INTO `bus_score` VALUES ('503', '128669', '期中考试', '9', '10001159', '刘增19', '70', '85', '96', '251', '不听话', '二年级一班');
INSERT INTO `bus_score` VALUES ('504', '128669', '期中考试', '9', '10001160', '刘增20', '55', '62', '99', '216', '不听话', '二年级一班');
INSERT INTO `bus_score` VALUES ('505', '128669', '期中考试', '10', '10001161', '王1', '88', '90', '28', '206', '不听话', '三年级一班');
INSERT INTO `bus_score` VALUES ('506', '128669', '期中考试', '10', '10001162', '王2', '100', '30', '88', '218', '不听话', '三年级一班');
INSERT INTO `bus_score` VALUES ('507', '128669', '期中考试', '10', '10001163', '王3', '33', '0', '99', '132', '不听话', '三年级一班');
INSERT INTO `bus_score` VALUES ('508', '128669', '期中考试', '10', '10001164', '王4', '41', '62', '81', '184', '你最棒', '三年级一班');
INSERT INTO `bus_score` VALUES ('509', '128669', '期中考试', '10', '10001165', '王5', '51', '64', '82', '197', '大家都很厉害', '三年级一班');
INSERT INTO `bus_score` VALUES ('510', '128669', '期中考试', '10', '10001166', '王6', '61', '66', '83', '210', '最近表现很好', '三年级一班');
INSERT INTO `bus_score` VALUES ('511', '128669', '期中考试', '10', '10001167', '王7', '71', '68', '84', '223', '你很优秀', '三年级一班');
INSERT INTO `bus_score` VALUES ('512', '128669', '期中考试', '10', '10001168', '王8', '81', '70', '85', '236', '英语太菜了', '三年级一班');
INSERT INTO `bus_score` VALUES ('513', '128669', '期中考试', '10', '10001169', '王9', '91', '72', '86', '249', '不听话', '三年级一班');
INSERT INTO `bus_score` VALUES ('514', '128669', '期中考试', '10', '10001170', '王10', '10', '74', '87', '171', '不听话', '三年级一班');
INSERT INTO `bus_score` VALUES ('515', '128669', '期中考试', '10', '10001171', '王11', '85', '86', '99', '270', '大家都很厉害', '三年级一班');
INSERT INTO `bus_score` VALUES ('516', '128669', '期中考试', '10', '10001172', '王12', '86', '85', '98', '269', '最近表现很好', '三年级一班');
INSERT INTO `bus_score` VALUES ('517', '128669', '期中考试', '10', '10001173', '王13', '87', '84', '97', '268', '你很优秀', '三年级一班');
INSERT INTO `bus_score` VALUES ('518', '128669', '期中考试', '10', '10001174', '王14', '88', '83', '96', '267', '英语太菜了', '三年级一班');
INSERT INTO `bus_score` VALUES ('519', '128669', '期中考试', '10', '10001175', '王15', '89', '82', '95', '266', '大家都很厉害', '三年级一班');
INSERT INTO `bus_score` VALUES ('520', '128669', '期中考试', '10', '10001176', '王16', '90', '81', '94', '265', '最近表现很好', '三年级一班');
INSERT INTO `bus_score` VALUES ('521', '128669', '期中考试', '10', '10001177', '王17', '91', '80', '93', '264', '你很优秀', '三年级一班');
INSERT INTO `bus_score` VALUES ('522', '128669', '期中考试', '10', '10001178', '王18', '92', '79', '92', '263', '英语太菜了', '三年级一班');
INSERT INTO `bus_score` VALUES ('523', '128669', '期中考试', '10', '10001179', '王19', '93', '78', '91', '262', '大家都很厉害', '三年级一班');
INSERT INTO `bus_score` VALUES ('524', '128669', '期中考试', '10', '10001180', '王20', '94', '77', '90', '261', '最近表现很好', '三年级一班');
INSERT INTO `bus_score` VALUES ('525', '4d20b2', '期末考试', '7', '10001101', '刘增宝', '88', '100', '56', '244', '近期优秀', '一年级一班');
INSERT INTO `bus_score` VALUES ('526', '4d20b2', '期末考试', '7', '10001102', '刘增贝', '89', '95', '57', '241', '你最棒', '一年级一班');
INSERT INTO `bus_score` VALUES ('527', '4d20b2', '期末考试', '7', '10001103', '刘增边', '88', '94', '58', '240', '大家都很厉害', '一年级一班');
INSERT INTO `bus_score` VALUES ('528', '4d20b2', '期末考试', '7', '10001104', '刘增宋', '90', '95', '59', '244', '最近表现很好', '一年级一班');
INSERT INTO `bus_score` VALUES ('529', '4d20b2', '期末考试', '7', '10001105', '刘增晶', '99', '91', '60', '250', '你很优秀', '一年级一班');
INSERT INTO `bus_score` VALUES ('530', '4d20b2', '期末考试', '7', '10001106', '刘增好', '88', '66', '61', '215', '英语太菜了', '一年级一班');
INSERT INTO `bus_score` VALUES ('531', '4d20b2', '期末考试', '7', '10001107', '刘增益', '85', '96', '62', '243', '偏科', '一年级一班');
INSERT INTO `bus_score` VALUES ('532', '4d20b2', '期末考试', '7', '10001108', '刘增和', '85', '96', '63', '244', '偏科', '一年级一班');
INSERT INTO `bus_score` VALUES ('533', '4d20b2', '期末考试', '7', '10001109', '刘增大', '85', '100', '64', '249', '偏科', '一年级一班');
INSERT INTO `bus_score` VALUES ('534', '4d20b2', '期末考试', '7', '10001110', '刘增白', '50', '96', '65', '211', '偏科', '一年级一班');
INSERT INTO `bus_score` VALUES ('535', '4d20b2', '期末考试', '7', '10001111', '刘涵宝', '88', '100', '66', '254', '近期优秀', '一年级一班');
INSERT INTO `bus_score` VALUES ('536', '4d20b2', '期末考试', '7', '10001112', '刘涵贝', '89', '95', '67', '251', '你最棒', '一年级一班');
INSERT INTO `bus_score` VALUES ('537', '4d20b2', '期末考试', '7', '10001113', '刘涵边', '96', '94', '68', '258', '大家都很厉害', '一年级一班');
INSERT INTO `bus_score` VALUES ('538', '4d20b2', '期末考试', '7', '10001114', '刘涵宋', '90', '84', '69', '243', '最近表现很好', '一年级一班');
INSERT INTO `bus_score` VALUES ('539', '4d20b2', '期末考试', '7', '10001115', '刘涵晶', '99', '91', '70', '260', '你很优秀', '一年级一班');
INSERT INTO `bus_score` VALUES ('540', '4d20b2', '期末考试', '7', '10001116', '刘涵好', '88', '74', '71', '233', '英语太菜了', '一年级一班');
INSERT INTO `bus_score` VALUES ('541', '4d20b2', '期末考试', '7', '10001117', '刘涵益', '85', '85', '72', '242', '偏科', '一年级一班');
INSERT INTO `bus_score` VALUES ('542', '4d20b2', '期末考试', '7', '10001118', '刘涵益', '85', '96', '73', '254', '偏科', '一年级一班');
INSERT INTO `bus_score` VALUES ('543', '4d20b2', '期末考试', '7', '10001119', '刘涵大', '85', '100', '74', '259', '偏科', '一年级一班');
INSERT INTO `bus_score` VALUES ('544', '4d20b2', '期末考试', '7', '10001120', '刘涵白', '96', '74', '75', '245', '偏科', '一年级一班');
INSERT INTO `bus_score` VALUES ('545', '4d20b2', '期末考试', '8', '10001121', '刘涵1', '74', '64', '76', '214', '听课走思严重', '一年级二班');
INSERT INTO `bus_score` VALUES ('546', '4d20b2', '期末考试', '8', '10001122', '刘涵2', '52', '74', '77', '203', '听课走思严重', '一年级二班');
INSERT INTO `bus_score` VALUES ('547', '4d20b2', '期末考试', '8', '10001123', '刘涵3', '96', '96', '78', '270', '听课走思严重', '一年级二班');
INSERT INTO `bus_score` VALUES ('548', '4d20b2', '期末考试', '8', '10001124', '刘涵4', '63', '25', '79', '167', '听课走思严重', '一年级二班');
INSERT INTO `bus_score` VALUES ('549', '4d20b2', '期末考试', '8', '10001125', '刘涵5', '74', '36', '80', '190', '听课走思严重', '一年级二班');
INSERT INTO `bus_score` VALUES ('550', '4d20b2', '期末考试', '8', '10001126', '刘涵6', '84', '47', '81', '212', '听课走思严重', '一年级二班');
INSERT INTO `bus_score` VALUES ('551', '4d20b2', '期末考试', '8', '10001127', '刘涵7', '88', '89', '82', '259', '听课走思严重', '一年级二班');
INSERT INTO `bus_score` VALUES ('552', '4d20b2', '期末考试', '8', '10001128', '刘涵8', '14', '58', '83', '155', '听课走思严重', '一年级二班');
INSERT INTO `bus_score` VALUES ('553', '4d20b2', '期末考试', '8', '10001129', '刘涵9', '85', '69', '84', '238', '听课走思严重', '一年级二班');
INSERT INTO `bus_score` VALUES ('554', '4d20b2', '期末考试', '8', '10001130', '刘涵10', '65', '64', '85', '214', '听课走思严重', '一年级二班');
INSERT INTO `bus_score` VALUES ('555', '4d20b2', '期末考试', '8', '10001131', '刘涵11', '87', '64', '86', '237', '听课走思严重', '一年级二班');
INSERT INTO `bus_score` VALUES ('556', '4d20b2', '期末考试', '8', '10001132', '刘涵12', '98', '74', '87', '259', '听课走思严重', '一年级二班');
INSERT INTO `bus_score` VALUES ('557', '4d20b2', '期末考试', '8', '10001133', '刘涵13', '36', '87', '88', '211', '听课走思严重', '一年级二班');
INSERT INTO `bus_score` VALUES ('558', '4d20b2', '期末考试', '8', '10001134', '刘涵14', '74', '87', '89', '250', '听课走思严重', '一年级二班');
INSERT INTO `bus_score` VALUES ('559', '4d20b2', '期末考试', '8', '10001135', '刘涵15', '85', '63', '90', '238', '听课走思严重', '一年级二班');
INSERT INTO `bus_score` VALUES ('560', '4d20b2', '期末考试', '8', '10001136', '刘涵16', '44', '87', '91', '222', '听课走思严重', '一年级二班');
INSERT INTO `bus_score` VALUES ('561', '4d20b2', '期末考试', '8', '10001137', '刘涵17', '55', '74', '92', '221', '听课走思严重', '一年级二班');
INSERT INTO `bus_score` VALUES ('562', '4d20b2', '期末考试', '8', '10001138', '刘涵18', '66', '76', '93', '235', '听课走思严重', '一年级二班');
INSERT INTO `bus_score` VALUES ('563', '4d20b2', '期末考试', '8', '10001139', '刘涵19', '77', '71', '94', '242', '听课走思严重', '一年级二班');
INSERT INTO `bus_score` VALUES ('564', '4d20b2', '期末考试', '8', '10001140', '刘涵20', '88', '64', '95', '247', '听课走思严重', '一年级二班');
INSERT INTO `bus_score` VALUES ('565', '4d20b2', '期末考试', '9', '10001141', '刘增1', '99', '99', '96', '294', '数学作业经常不写', '二年级一班');
INSERT INTO `bus_score` VALUES ('566', '4d20b2', '期末考试', '9', '10001142', '刘增2', '55', '88', '97', '240', '不听话', '二年级一班');
INSERT INTO `bus_score` VALUES ('567', '4d20b2', '期末考试', '9', '10001143', '刘增3', '99', '55', '98', '252', '不听话', '二年级一班');
INSERT INTO `bus_score` VALUES ('568', '4d20b2', '期末考试', '9', '10001144', '刘增4', '88', '75', '99', '262', '不听话', '二年级一班');
INSERT INTO `bus_score` VALUES ('569', '4d20b2', '期末考试', '9', '10001145', '刘增5', '65', '89', '100', '254', '不听话', '二年级一班');
INSERT INTO `bus_score` VALUES ('570', '4d20b2', '期末考试', '9', '10001146', '刘增6', '54', '98', '100', '252', '不听话', '二年级一班');
INSERT INTO `bus_score` VALUES ('571', '4d20b2', '期末考试', '9', '10001147', '刘增7', '78', '77', '85', '240', '不听话', '二年级一班');
INSERT INTO `bus_score` VALUES ('572', '4d20b2', '期末考试', '9', '10001148', '刘增8', '77', '55', '89', '221', '不听话', '二年级一班');
INSERT INTO `bus_score` VALUES ('573', '4d20b2', '期末考试', '9', '10001149', '刘增9', '56', '39', '93', '188', '不听话', '二年级一班');
INSERT INTO `bus_score` VALUES ('574', '4d20b2', '期末考试', '9', '10001150', '刘增10', '67', '78', '97', '242', '近期优秀', '二年级一班');
INSERT INTO `bus_score` VALUES ('575', '4d20b2', '期末考试', '9', '10001151', '刘增11', '69', '80', '85', '234', '你最棒', '二年级一班');
INSERT INTO `bus_score` VALUES ('576', '4d20b2', '期末考试', '9', '10001152', '刘增12', '71', '82', '79', '232', '大家都很厉害', '二年级一班');
INSERT INTO `bus_score` VALUES ('577', '4d20b2', '期末考试', '9', '10001153', '刘增13', '73', '84', '78', '235', '最近表现很好', '二年级一班');
INSERT INTO `bus_score` VALUES ('578', '4d20b2', '期末考试', '9', '10001154', '刘增14', '75', '86', '77', '238', '你很优秀', '二年级一班');
INSERT INTO `bus_score` VALUES ('579', '4d20b2', '期末考试', '9', '10001155', '刘增15', '77', '88', '76', '241', '英语太菜了', '二年级一班');
INSERT INTO `bus_score` VALUES ('580', '4d20b2', '期末考试', '9', '10001156', '刘增16', '79', '90', '75', '244', '偏科', '二年级一班');
INSERT INTO `bus_score` VALUES ('581', '4d20b2', '期末考试', '9', '10001157', '刘增17', '81', '92', '74', '247', '偏科', '二年级一班');
INSERT INTO `bus_score` VALUES ('582', '4d20b2', '期末考试', '9', '10001158', '刘增18', '83', '94', '73', '250', '不听话', '二年级一班');
INSERT INTO `bus_score` VALUES ('583', '4d20b2', '期末考试', '9', '10001159', '刘增19', '85', '96', '72', '253', '不听话', '二年级一班');
INSERT INTO `bus_score` VALUES ('584', '4d20b2', '期末考试', '9', '10001160', '刘增20', '62', '99', '71', '232', '不听话', '二年级一班');
INSERT INTO `bus_score` VALUES ('585', '4d20b2', '期末考试', '10', '10001161', '王1', '90', '28', '96', '214', '不听话', '三年级一班');
INSERT INTO `bus_score` VALUES ('586', '4d20b2', '期末考试', '10', '10001162', '王2', '30', '88', '95', '213', '不听话', '三年级一班');
INSERT INTO `bus_score` VALUES ('587', '4d20b2', '期末考试', '10', '10001163', '王3', '0', '99', '94', '193', '不听话', '三年级一班');
INSERT INTO `bus_score` VALUES ('588', '4d20b2', '期末考试', '10', '10001164', '王4', '62', '81', '93', '236', '你最棒', '三年级一班');
INSERT INTO `bus_score` VALUES ('589', '4d20b2', '期末考试', '10', '10001165', '王5', '64', '82', '92', '238', '大家都很厉害', '三年级一班');
INSERT INTO `bus_score` VALUES ('590', '4d20b2', '期末考试', '10', '10001166', '王6', '66', '83', '91', '240', '最近表现很好', '三年级一班');
INSERT INTO `bus_score` VALUES ('591', '4d20b2', '期末考试', '10', '10001167', '王7', '68', '84', '90', '242', '你很优秀', '三年级一班');
INSERT INTO `bus_score` VALUES ('592', '4d20b2', '期末考试', '10', '10001168', '王8', '70', '85', '89', '244', '英语太菜了', '三年级一班');
INSERT INTO `bus_score` VALUES ('593', '4d20b2', '期末考试', '10', '10001169', '王9', '72', '86', '88', '246', '不听话', '三年级一班');
INSERT INTO `bus_score` VALUES ('594', '4d20b2', '期末考试', '10', '10001170', '王10', '74', '87', '87', '248', '不听话', '三年级一班');
INSERT INTO `bus_score` VALUES ('595', '4d20b2', '期末考试', '10', '10001171', '王11', '86', '99', '86', '271', '大家都很厉害', '三年级一班');
INSERT INTO `bus_score` VALUES ('596', '4d20b2', '期末考试', '10', '10001172', '王12', '85', '98', '85', '268', '最近表现很好', '三年级一班');
INSERT INTO `bus_score` VALUES ('597', '4d20b2', '期末考试', '10', '10001173', '王13', '84', '97', '84', '265', '你很优秀', '三年级一班');
INSERT INTO `bus_score` VALUES ('598', '4d20b2', '期末考试', '10', '10001174', '王14', '83', '96', '83', '262', '英语太菜了', '三年级一班');
INSERT INTO `bus_score` VALUES ('599', '4d20b2', '期末考试', '10', '10001175', '王15', '82', '95', '82', '259', '大家都很厉害', '三年级一班');
INSERT INTO `bus_score` VALUES ('600', '4d20b2', '期末考试', '10', '10001176', '王16', '81', '94', '81', '256', '最近表现很好', '三年级一班');
INSERT INTO `bus_score` VALUES ('601', '4d20b2', '期末考试', '10', '10001177', '王17', '80', '93', '80', '253', '你很优秀', '三年级一班');
INSERT INTO `bus_score` VALUES ('602', '4d20b2', '期末考试', '10', '10001178', '王18', '79', '92', '85', '256', '英语太菜了', '三年级一班');
INSERT INTO `bus_score` VALUES ('603', '4d20b2', '期末考试', '10', '10001179', '王19', '78', '91', '75', '244', '大家都很厉害', '三年级一班');
INSERT INTO `bus_score` VALUES ('604', '4d20b2', '期末考试', '10', '10001180', '王20', '77', '90', '86', '253', '最近表现很好', '三年级一班');
INSERT INTO `bus_score` VALUES ('605', '9ad609', '模拟考试', '7', '10001101', '刘增宝', '56', '88', '100', '244', '近期优秀', '一年级一班');
INSERT INTO `bus_score` VALUES ('606', '9ad609', '模拟考试', '7', '10001102', '刘增贝', '57', '74', '85', '216', '你最棒', '一年级一班');
INSERT INTO `bus_score` VALUES ('607', '9ad609', '模拟考试', '7', '10001103', '刘增边', '58', '85', '84', '227', '大家都很厉害', '一年级一班');
INSERT INTO `bus_score` VALUES ('608', '9ad609', '模拟考试', '7', '10001104', '刘增宋', '59', '74', '83', '216', '最近表现很好', '一年级一班');
INSERT INTO `bus_score` VALUES ('609', '9ad609', '模拟考试', '7', '10001105', '刘增晶', '60', '36', '82', '178', '你很优秀', '一年级一班');
INSERT INTO `bus_score` VALUES ('610', '9ad609', '模拟考试', '7', '10001106', '刘增好', '61', '0', '81', '142', '英语太菜了', '一年级一班');
INSERT INTO `bus_score` VALUES ('611', '9ad609', '模拟考试', '7', '10001107', '刘增益', '62', '74', '80', '216', '偏科', '一年级一班');
INSERT INTO `bus_score` VALUES ('612', '9ad609', '模拟考试', '7', '10001108', '刘增和', '63', '56', '79', '198', '偏科', '一年级一班');
INSERT INTO `bus_score` VALUES ('613', '9ad609', '模拟考试', '7', '10001109', '刘增大', '64', '100', '78', '242', '偏科', '一年级一班');
INSERT INTO `bus_score` VALUES ('614', '9ad609', '模拟考试', '7', '10001110', '刘增白', '65', '74', '77', '216', '偏科', '一年级一班');
INSERT INTO `bus_score` VALUES ('615', '9ad609', '模拟考试', '7', '10001111', '刘涵宝', '66', '75', '76', '217', '近期优秀', '一年级一班');
INSERT INTO `bus_score` VALUES ('616', '9ad609', '模拟考试', '7', '10001112', '刘涵贝', '67', '74', '75', '216', '你最棒', '一年级一班');
INSERT INTO `bus_score` VALUES ('617', '9ad609', '模拟考试', '7', '10001113', '刘涵边', '68', '73', '74', '215', '大家都很厉害', '一年级一班');
INSERT INTO `bus_score` VALUES ('618', '9ad609', '模拟考试', '7', '10001114', '刘涵宋', '69', '85', '73', '227', '最近表现很好', '一年级一班');
INSERT INTO `bus_score` VALUES ('619', '9ad609', '模拟考试', '7', '10001115', '刘涵晶', '70', '80', '72', '222', '你很优秀', '一年级一班');
INSERT INTO `bus_score` VALUES ('620', '9ad609', '模拟考试', '7', '10001116', '刘涵好', '71', '85', '63', '219', '英语太菜了', '一年级一班');
INSERT INTO `bus_score` VALUES ('621', '9ad609', '模拟考试', '7', '10001117', '刘涵益', '72', '86', '71', '229', '偏科', '一年级一班');
INSERT INTO `bus_score` VALUES ('622', '9ad609', '模拟考试', '7', '10001118', '刘涵益', '73', '74', '96', '243', '偏科', '一年级一班');
INSERT INTO `bus_score` VALUES ('623', '9ad609', '模拟考试', '7', '10001119', '刘涵大', '74', '84', '0', '158', '偏科', '一年级一班');
INSERT INTO `bus_score` VALUES ('624', '9ad609', '模拟考试', '7', '10001120', '刘涵白', '75', '75', '71', '221', '偏科', '一年级一班');
INSERT INTO `bus_score` VALUES ('625', '9ad609', '模拟考试', '8', '10001121', '刘涵1', '76', '63', '64', '203', '听课走思严重', '一年级二班');
INSERT INTO `bus_score` VALUES ('626', '9ad609', '模拟考试', '8', '10001122', '刘涵2', '77', '69', '63', '209', '听课走思严重', '一年级二班');
INSERT INTO `bus_score` VALUES ('627', '9ad609', '模拟考试', '8', '10001123', '刘涵3', '78', '68', '85', '231', '听课走思严重', '一年级二班');
INSERT INTO `bus_score` VALUES ('628', '9ad609', '模拟考试', '8', '10001124', '刘涵4', '79', '63', '71', '213', '听课走思严重', '一年级二班');
INSERT INTO `bus_score` VALUES ('629', '9ad609', '模拟考试', '8', '10001125', '刘涵5', '80', '74', '36', '190', '听课走思严重', '一年级二班');
INSERT INTO `bus_score` VALUES ('630', '9ad609', '模拟考试', '8', '10001126', '刘涵6', '81', '87', '98', '266', '听课走思严重', '一年级二班');
INSERT INTO `bus_score` VALUES ('631', '9ad609', '模拟考试', '8', '10001127', '刘涵7', '82', '74', '71', '227', '听课走思严重', '一年级二班');
INSERT INTO `bus_score` VALUES ('632', '9ad609', '模拟考试', '8', '10001128', '刘涵8', '83', '76', '39', '198', '听课走思严重', '一年级二班');
INSERT INTO `bus_score` VALUES ('633', '9ad609', '模拟考试', '8', '10001129', '刘涵9', '84', '71', '81', '236', '听课走思严重', '一年级二班');
INSERT INTO `bus_score` VALUES ('634', '9ad609', '模拟考试', '8', '10001130', '刘涵10', '85', '65', '96', '246', '听课走思严重', '一年级二班');
INSERT INTO `bus_score` VALUES ('635', '9ad609', '模拟考试', '8', '10001131', '刘涵11', '86', '74', '74', '234', '听课走思严重', '一年级二班');
INSERT INTO `bus_score` VALUES ('636', '9ad609', '模拟考试', '8', '10001132', '刘涵12', '87', '76', '84', '247', '听课走思严重', '一年级二班');
INSERT INTO `bus_score` VALUES ('637', '9ad609', '模拟考试', '8', '10001133', '刘涵13', '88', '89', '97', '274', '听课走思严重', '一年级二班');
INSERT INTO `bus_score` VALUES ('638', '9ad609', '模拟考试', '8', '10001134', '刘涵14', '89', '74', '97', '260', '听课走思严重', '一年级二班');
INSERT INTO `bus_score` VALUES ('639', '9ad609', '模拟考试', '8', '10001135', '刘涵15', '90', '73', '73', '236', '听课走思严重', '一年级二班');
INSERT INTO `bus_score` VALUES ('640', '9ad609', '模拟考试', '8', '10001136', '刘涵16', '91', '93', '97', '281', '听课走思严重', '一年级二班');
INSERT INTO `bus_score` VALUES ('641', '9ad609', '模拟考试', '8', '10001137', '刘涵17', '92', '84', '64', '240', '听课走思严重', '一年级二班');
INSERT INTO `bus_score` VALUES ('642', '9ad609', '模拟考试', '8', '10001138', '刘涵18', '93', '83', '66', '242', '听课走思严重', '一年级二班');
INSERT INTO `bus_score` VALUES ('643', '9ad609', '模拟考试', '8', '10001139', '刘涵19', '94', '71', '62', '227', '听课走思严重', '一年级二班');
INSERT INTO `bus_score` VALUES ('644', '9ad609', '模拟考试', '8', '10001140', '刘涵20', '95', '79', '84', '258', '听课走思严重', '一年级二班');
INSERT INTO `bus_score` VALUES ('645', '9ad609', '模拟考试', '9', '10001141', '刘增1', '96', '100', '98', '294', '数学作业经常不写', '二年级一班');
INSERT INTO `bus_score` VALUES ('646', '9ad609', '模拟考试', '9', '10001142', '刘增2', '97', '55', '74', '226', '不听话', '二年级一班');
INSERT INTO `bus_score` VALUES ('647', '9ad609', '模拟考试', '9', '10001143', '刘增3', '98', '86', '66', '250', '不听话', '二年级一班');
INSERT INTO `bus_score` VALUES ('648', '9ad609', '模拟考试', '9', '10001144', '刘增4', '99', '88', '75', '262', '不听话', '二年级一班');
INSERT INTO `bus_score` VALUES ('649', '9ad609', '模拟考试', '9', '10001145', '刘增5', '100', '90', '87', '277', '不听话', '二年级一班');
INSERT INTO `bus_score` VALUES ('650', '9ad609', '模拟考试', '9', '10001146', '刘增6', '100', '92', '74', '266', '不听话', '二年级一班');
INSERT INTO `bus_score` VALUES ('651', '9ad609', '模拟考试', '9', '10001147', '刘增7', '85', '94', '77', '256', '不听话', '二年级一班');
INSERT INTO `bus_score` VALUES ('652', '9ad609', '模拟考试', '9', '10001148', '刘增8', '89', '96', '11', '196', '不听话', '二年级一班');
INSERT INTO `bus_score` VALUES ('653', '9ad609', '模拟考试', '9', '10001149', '刘增9', '93', '98', '55', '246', '不听话', '二年级一班');
INSERT INTO `bus_score` VALUES ('654', '9ad609', '模拟考试', '9', '10001150', '刘增10', '97', '100', '78', '275', '近期优秀', '二年级一班');
INSERT INTO `bus_score` VALUES ('655', '9ad609', '模拟考试', '9', '10001151', '刘增11', '85', '81', '85', '251', '你最棒', '二年级一班');
INSERT INTO `bus_score` VALUES ('656', '9ad609', '模拟考试', '9', '10001152', '刘增12', '79', '63', '74', '216', '大家都很厉害', '二年级一班');
INSERT INTO `bus_score` VALUES ('657', '9ad609', '模拟考试', '9', '10001153', '刘增13', '78', '47', '64', '189', '最近表现很好', '二年级一班');
INSERT INTO `bus_score` VALUES ('658', '9ad609', '模拟考试', '9', '10001154', '刘增14', '77', '96', '66', '239', '你很优秀', '二年级一班');
INSERT INTO `bus_score` VALUES ('659', '9ad609', '模拟考试', '9', '10001155', '刘增15', '76', '63', '68', '207', '英语太菜了', '二年级一班');
INSERT INTO `bus_score` VALUES ('660', '9ad609', '模拟考试', '9', '10001156', '刘增16', '75', '41', '70', '186', '偏科', '二年级一班');
INSERT INTO `bus_score` VALUES ('661', '9ad609', '模拟考试', '9', '10001157', '刘增17', '74', '23', '72', '169', '偏科', '二年级一班');
INSERT INTO `bus_score` VALUES ('662', '9ad609', '模拟考试', '9', '10001158', '刘增18', '73', '83', '74', '230', '不听话', '二年级一班');
INSERT INTO `bus_score` VALUES ('663', '9ad609', '模拟考试', '9', '10001159', '刘增19', '72', '71', '76', '219', '不听话', '二年级一班');
INSERT INTO `bus_score` VALUES ('664', '9ad609', '模拟考试', '9', '10001160', '刘增20', '71', '63', '78', '212', '不听话', '二年级一班');
INSERT INTO `bus_score` VALUES ('665', '9ad609', '模拟考试', '10', '10001161', '王1', '96', '20', '80', '196', '不听话', '三年级一班');
INSERT INTO `bus_score` VALUES ('666', '9ad609', '模拟考试', '10', '10001162', '王2', '95', '96', '82', '273', '不听话', '三年级一班');
INSERT INTO `bus_score` VALUES ('667', '9ad609', '模拟考试', '10', '10001163', '王3', '94', '12', '84', '190', '不听话', '三年级一班');
INSERT INTO `bus_score` VALUES ('668', '9ad609', '模拟考试', '10', '10001164', '王4', '93', '63', '86', '242', '你最棒', '三年级一班');
INSERT INTO `bus_score` VALUES ('669', '9ad609', '模拟考试', '10', '10001165', '王5', '92', '96', '88', '276', '大家都很厉害', '三年级一班');
INSERT INTO `bus_score` VALUES ('670', '9ad609', '模拟考试', '10', '10001166', '王6', '91', '74', '90', '255', '最近表现很好', '三年级一班');
INSERT INTO `bus_score` VALUES ('671', '9ad609', '模拟考试', '10', '10001167', '王7', '90', '96', '92', '278', '你很优秀', '三年级一班');
INSERT INTO `bus_score` VALUES ('672', '9ad609', '模拟考试', '10', '10001168', '王8', '89', '63', '94', '246', '英语太菜了', '三年级一班');
INSERT INTO `bus_score` VALUES ('673', '9ad609', '模拟考试', '10', '10001169', '王9', '88', '96', '96', '280', '不听话', '三年级一班');
INSERT INTO `bus_score` VALUES ('674', '9ad609', '模拟考试', '10', '10001170', '王10', '87', '93', '98', '278', '不听话', '三年级一班');
INSERT INTO `bus_score` VALUES ('675', '9ad609', '模拟考试', '10', '10001171', '王11', '86', '76', '100', '262', '大家都很厉害', '三年级一班');
INSERT INTO `bus_score` VALUES ('676', '9ad609', '模拟考试', '10', '10001172', '王12', '85', '75', '88', '248', '最近表现很好', '三年级一班');
INSERT INTO `bus_score` VALUES ('677', '9ad609', '模拟考试', '10', '10001173', '王13', '84', '74', '87', '245', '你很优秀', '三年级一班');
INSERT INTO `bus_score` VALUES ('678', '9ad609', '模拟考试', '10', '10001174', '王14', '83', '73', '86', '242', '英语太菜了', '三年级一班');
INSERT INTO `bus_score` VALUES ('679', '9ad609', '模拟考试', '10', '10001175', '王15', '82', '72', '85', '239', '大家都很厉害', '三年级一班');
INSERT INTO `bus_score` VALUES ('680', '9ad609', '模拟考试', '10', '10001176', '王16', '81', '71', '84', '236', '最近表现很好', '三年级一班');
INSERT INTO `bus_score` VALUES ('681', '9ad609', '模拟考试', '10', '10001177', '王17', '80', '70', '83', '233', '你很优秀', '三年级一班');
INSERT INTO `bus_score` VALUES ('682', '9ad609', '模拟考试', '10', '10001178', '王18', '85', '69', '82', '236', '英语太菜了', '三年级一班');
INSERT INTO `bus_score` VALUES ('683', '9ad609', '模拟考试', '10', '10001179', '王19', '75', '68', '81', '224', '大家都很厉害', '三年级一班');
INSERT INTO `bus_score` VALUES ('684', '9ad609', '模拟考试', '10', '10001180', '王20', '86', '67', '80', '233', '最近表现很好', '三年级一班');

-- ----------------------------
-- Table structure for sys_dept
-- ----------------------------
DROP TABLE IF EXISTS `sys_dept`;
CREATE TABLE `sys_dept` (
  `id` int(11) NOT NULL AUTO_INCREMENT,
  `pid` int(11) DEFAULT NULL,
  `name` varchar(255) COLLATE utf8_unicode_ci DEFAULT NULL,
  `open` int(11) DEFAULT NULL COMMENT '是否展开，0不展开，1展开',
  `remark` varchar(255) COLLATE utf8_unicode_ci DEFAULT NULL,
  `address` varchar(255) COLLATE utf8_unicode_ci DEFAULT NULL,
  `available` int(11) DEFAULT NULL COMMENT '是否可用，0不可用，1可用',
  `ordernum` int(11) DEFAULT NULL COMMENT '排序码',
  `createtime` datetime DEFAULT NULL,
  PRIMARY KEY (`id`) USING BTREE
) ENGINE=InnoDB AUTO_INCREMENT=11 DEFAULT CHARSET=utf8 COLLATE=utf8_unicode_ci ROW_FORMAT=COMPACT;

-- ----------------------------
-- Records of sys_dept
-- ----------------------------
INSERT INTO `sys_dept` VALUES ('1', '0', '家校通', '1', '最高权力机关', '华北理工大学', '1', '1', '2020-03-08 14:49:02');
INSERT INTO `sys_dept` VALUES ('3', '1', '一年级', '1', '一年级全体', '一年级', '1', '2', '2020-03-08 06:51:31');
INSERT INTO `sys_dept` VALUES ('4', '1', '二年级', '1', '二年级全体', '某学校二年级', '1', '3', '2020-03-08 06:52:24');
INSERT INTO `sys_dept` VALUES ('5', '1', '三年级', '1', '三年级全体', '三年级全体', '1', '4', '2020-03-08 06:53:28');
INSERT INTO `sys_dept` VALUES ('7', '3', '一年级一班', '1', '一年级一班班', '一年级一班', '1', '5', '2020-03-17 08:51:23');
INSERT INTO `sys_dept` VALUES ('8', '3', '一年级二班', '1', '一年级二班', '一年级二班', '1', '6', '2020-03-17 08:52:03');
INSERT INTO `sys_dept` VALUES ('9', '4', '二年级一班', '1', '', '二年级一班', '1', '7', '2020-03-17 08:52:33');
INSERT INTO `sys_dept` VALUES ('10', '5', '三年级一班', '1', '', '三年级一班', '1', '8', '2020-03-17 08:52:49');

-- ----------------------------
-- Table structure for sys_loginfo
-- ----------------------------
DROP TABLE IF EXISTS `sys_loginfo`;
CREATE TABLE `sys_loginfo` (
  `id` int(11) NOT NULL AUTO_INCREMENT,
  `loginname` varchar(255) COLLATE utf8_unicode_ci DEFAULT NULL,
  `loginip` varchar(255) COLLATE utf8_unicode_ci DEFAULT NULL,
  `logintime` datetime DEFAULT NULL,
  PRIMARY KEY (`id`) USING BTREE
) ENGINE=InnoDB AUTO_INCREMENT=762 DEFAULT CHARSET=utf8 COLLATE=utf8_unicode_ci ROW_FORMAT=COMPACT;

-- ----------------------------
-- Records of sys_loginfo
-- ----------------------------
INSERT INTO `sys_loginfo` VALUES ('267', '超级管理员-admin', '0:0:0:0:0:0:0:1', '2020-03-09 08:54:41');
INSERT INTO `sys_loginfo` VALUES ('268', '超级管理员-admin', '0:0:0:0:0:0:0:1', '2020-03-09 08:55:21');
INSERT INTO `sys_loginfo` VALUES ('269', '超级管理员-admin', '0:0:0:0:0:0:0:1', '2020-03-09 08:56:33');
INSERT INTO `sys_loginfo` VALUES ('270', '超级管理员-admin', '0:0:0:0:0:0:0:1', '2020-03-09 09:12:42');
INSERT INTO `sys_loginfo` VALUES ('271', '超级管理员-admin', '0:0:0:0:0:0:0:1', '2020-03-09 09:15:53');
INSERT INTO `sys_loginfo` VALUES ('272', '超级管理员-admin', '0:0:0:0:0:0:0:1', '2020-03-09 09:16:58');
INSERT INTO `sys_loginfo` VALUES ('273', '超级管理员-admin', '0:0:0:0:0:0:0:1', '2020-03-09 12:16:11');
INSERT INTO `sys_loginfo` VALUES ('274', '超级管理员-admin', '0:0:0:0:0:0:0:1', '2020-03-09 12:31:09');
INSERT INTO `sys_loginfo` VALUES ('275', '超级管理员-admin', '0:0:0:0:0:0:0:1', '2020-03-10 04:36:50');
INSERT INTO `sys_loginfo` VALUES ('276', '超级管理员-admin', '0:0:0:0:0:0:0:1', '2020-03-10 04:55:26');
INSERT INTO `sys_loginfo` VALUES ('277', '超级管理员-admin', '0:0:0:0:0:0:0:1', '2020-03-10 04:59:08');
INSERT INTO `sys_loginfo` VALUES ('278', '超级管理员-admin', '0:0:0:0:0:0:0:1', '2020-03-10 05:03:41');
INSERT INTO `sys_loginfo` VALUES ('279', '超级管理员-admin', '0:0:0:0:0:0:0:1', '2020-03-10 05:05:10');
INSERT INTO `sys_loginfo` VALUES ('280', '超级管理员-admin', '0:0:0:0:0:0:0:1', '2020-03-10 05:22:29');
INSERT INTO `sys_loginfo` VALUES ('281', '超级管理员-admin', '0:0:0:0:0:0:0:1', '2020-03-10 05:47:54');
INSERT INTO `sys_loginfo` VALUES ('282', '超级管理员-admin', '0:0:0:0:0:0:0:1', '2020-03-10 05:51:46');
INSERT INTO `sys_loginfo` VALUES ('283', '超级管理员-admin', '0:0:0:0:0:0:0:1', '2020-03-10 06:05:29');
INSERT INTO `sys_loginfo` VALUES ('284', '超级管理员-admin', '0:0:0:0:0:0:0:1', '2020-03-10 06:07:31');
INSERT INTO `sys_loginfo` VALUES ('285', '超级管理员-admin', '0:0:0:0:0:0:0:1', '2020-03-10 06:11:29');
INSERT INTO `sys_loginfo` VALUES ('286', '超级管理员-admin', '0:0:0:0:0:0:0:1', '2020-03-10 08:44:49');
INSERT INTO `sys_loginfo` VALUES ('287', '超级管理员-admin', '0:0:0:0:0:0:0:1', '2020-03-10 08:47:33');
INSERT INTO `sys_loginfo` VALUES ('288', 'shiro-shiro', '0:0:0:0:0:0:0:1', '2020-03-10 08:49:31');
INSERT INTO `sys_loginfo` VALUES ('289', '超级管理员-admin', '0:0:0:0:0:0:0:1', '2020-03-10 08:49:41');
INSERT INTO `sys_loginfo` VALUES ('290', '超级管理员-admin', '0:0:0:0:0:0:0:1', '2020-03-10 09:08:02');
INSERT INTO `sys_loginfo` VALUES ('291', '超级管理员-admin', '0:0:0:0:0:0:0:1', '2020-03-10 09:14:20');
INSERT INTO `sys_loginfo` VALUES ('292', '超级管理员-admin', '0:0:0:0:0:0:0:1', '2020-03-11 05:24:17');
INSERT INTO `sys_loginfo` VALUES ('293', '超级管理员-admin', '0:0:0:0:0:0:0:1', '2020-03-11 05:30:34');
INSERT INTO `sys_loginfo` VALUES ('294', '超级管理员-admin', '0:0:0:0:0:0:0:1', '2020-03-11 05:53:38');
INSERT INTO `sys_loginfo` VALUES ('295', '超级管理员-admin', '0:0:0:0:0:0:0:1', '2020-03-11 06:08:17');
INSERT INTO `sys_loginfo` VALUES ('296', '超级管理员-admin', '0:0:0:0:0:0:0:1', '2020-03-11 06:18:10');
INSERT INTO `sys_loginfo` VALUES ('299', '超级管理员-admin', '0:0:0:0:0:0:0:1', '2020-03-11 06:28:09');
INSERT INTO `sys_loginfo` VALUES ('300', '超级管理员-admin', '0:0:0:0:0:0:0:1', '2020-03-11 06:31:53');
INSERT INTO `sys_loginfo` VALUES ('301', '超级管理员-admin', '0:0:0:0:0:0:0:1', '2020-03-11 06:32:39');
INSERT INTO `sys_loginfo` VALUES ('302', '超级管理员-admin', '0:0:0:0:0:0:0:1', '2020-03-11 06:35:41');
INSERT INTO `sys_loginfo` VALUES ('303', '超级管理员-admin', '0:0:0:0:0:0:0:1', '2020-03-17 08:00:03');
INSERT INTO `sys_loginfo` VALUES ('304', '超级管理员-admin', '0:0:0:0:0:0:0:1', '2020-03-17 08:22:14');
INSERT INTO `sys_loginfo` VALUES ('305', '超级管理员-admin', '0:0:0:0:0:0:0:1', '2020-03-17 08:29:20');
INSERT INTO `sys_loginfo` VALUES ('306', '超级管理员-admin', '0:0:0:0:0:0:0:1', '2020-03-17 08:45:36');
INSERT INTO `sys_loginfo` VALUES ('307', '1001-1001', '0:0:0:0:0:0:0:1', '2020-03-17 09:02:42');
INSERT INTO `sys_loginfo` VALUES ('308', '1002-1002', '0:0:0:0:0:0:0:1', '2020-03-17 09:03:04');
INSERT INTO `sys_loginfo` VALUES ('309', '1003-1003', '0:0:0:0:0:0:0:1', '2020-03-17 09:03:21');
INSERT INTO `sys_loginfo` VALUES ('310', '1004-1004', '0:0:0:0:0:0:0:1', '2020-03-17 09:03:36');
INSERT INTO `sys_loginfo` VALUES ('311', '超级管理员-admin', '0:0:0:0:0:0:0:1', '2020-03-17 09:03:54');
INSERT INTO `sys_loginfo` VALUES ('312', '超级管理员-admin', '0:0:0:0:0:0:0:1', '2020-03-17 09:04:52');
INSERT INTO `sys_loginfo` VALUES ('313', '超级管理员-admin', '0:0:0:0:0:0:0:1', '2020-03-17 09:05:11');
INSERT INTO `sys_loginfo` VALUES ('314', '1002-1002', '0:0:0:0:0:0:0:1', '2020-03-17 09:05:51');
INSERT INTO `sys_loginfo` VALUES ('315', '超级管理员-admin', '0:0:0:0:0:0:0:1', '2020-03-17 09:06:15');
INSERT INTO `sys_loginfo` VALUES ('316', '1001-1001', '0:0:0:0:0:0:0:1', '2020-03-17 09:06:46');
INSERT INTO `sys_loginfo` VALUES ('317', '超级管理员-admin', '0:0:0:0:0:0:0:1', '2020-03-17 09:07:09');
INSERT INTO `sys_loginfo` VALUES ('318', '超级管理员-admin', '0:0:0:0:0:0:0:1', '2020-03-17 09:08:38');
INSERT INTO `sys_loginfo` VALUES ('319', '1001-1001', '0:0:0:0:0:0:0:1', '2020-03-17 09:08:49');
INSERT INTO `sys_loginfo` VALUES ('320', '超级管理员-admin', '0:0:0:0:0:0:0:1', '2020-03-17 09:10:02');
INSERT INTO `sys_loginfo` VALUES ('321', '超级管理员-admin', '0:0:0:0:0:0:0:1', '2020-03-17 09:14:46');
INSERT INTO `sys_loginfo` VALUES ('322', '超级管理员-admin', '0:0:0:0:0:0:0:1', '2020-03-17 09:22:51');
INSERT INTO `sys_loginfo` VALUES ('323', '超级管理员-admin', '0:0:0:0:0:0:0:1', '2020-03-17 09:46:11');
INSERT INTO `sys_loginfo` VALUES ('324', '超级管理员-admin', '0:0:0:0:0:0:0:1', '2020-03-17 09:48:03');
INSERT INTO `sys_loginfo` VALUES ('325', '超级管理员-admin', '0:0:0:0:0:0:0:1', '2020-03-17 09:52:22');
INSERT INTO `sys_loginfo` VALUES ('326', '超级管理员-admin', '0:0:0:0:0:0:0:1', '2020-03-17 09:55:18');
INSERT INTO `sys_loginfo` VALUES ('327', '超级管理员-admin', '0:0:0:0:0:0:0:1', '2020-03-17 10:00:04');
INSERT INTO `sys_loginfo` VALUES ('328', '1001-1001', '0:0:0:0:0:0:0:1', '2020-03-17 10:06:27');
INSERT INTO `sys_loginfo` VALUES ('329', '超级管理员-admin', '0:0:0:0:0:0:0:1', '2020-03-17 10:09:31');
INSERT INTO `sys_loginfo` VALUES ('330', '超级管理员-admin', '0:0:0:0:0:0:0:1', '2020-03-17 10:20:48');
INSERT INTO `sys_loginfo` VALUES ('331', '超级管理员-admin', '0:0:0:0:0:0:0:1', '2020-03-17 10:22:30');
INSERT INTO `sys_loginfo` VALUES ('332', '超级管理员-admin', '0:0:0:0:0:0:0:1', '2020-03-17 10:22:45');
INSERT INTO `sys_loginfo` VALUES ('333', '1002-1002', '0:0:0:0:0:0:0:1', '2020-03-17 10:24:11');
INSERT INTO `sys_loginfo` VALUES ('334', '超级管理员-admin', '0:0:0:0:0:0:0:1', '2020-03-17 10:24:37');
INSERT INTO `sys_loginfo` VALUES ('335', '超级管理员-admin', '0:0:0:0:0:0:0:1', '2020-03-17 10:38:24');
INSERT INTO `sys_loginfo` VALUES ('336', '超级管理员-admin', '0:0:0:0:0:0:0:1', '2020-03-17 10:41:14');
INSERT INTO `sys_loginfo` VALUES ('337', '超级管理员-admin', '0:0:0:0:0:0:0:1', '2020-03-17 10:50:07');
INSERT INTO `sys_loginfo` VALUES ('338', '超级管理员-admin', '0:0:0:0:0:0:0:1', '2020-03-17 10:54:53');
INSERT INTO `sys_loginfo` VALUES ('339', '超级管理员-admin', '0:0:0:0:0:0:0:1', '2020-03-17 10:57:44');
INSERT INTO `sys_loginfo` VALUES ('340', '1002-1002', '0:0:0:0:0:0:0:1', '2020-03-17 11:17:18');
INSERT INTO `sys_loginfo` VALUES ('341', '超级管理员-admin', '0:0:0:0:0:0:0:1', '2020-03-17 11:18:06');
INSERT INTO `sys_loginfo` VALUES ('342', '1002-1002', '0:0:0:0:0:0:0:1', '2020-03-17 11:18:33');
INSERT INTO `sys_loginfo` VALUES ('343', '超级管理员-admin', '0:0:0:0:0:0:0:1', '2020-03-17 11:19:24');
INSERT INTO `sys_loginfo` VALUES ('344', '超级管理员-admin', '0:0:0:0:0:0:0:1', '2020-03-17 11:22:44');
INSERT INTO `sys_loginfo` VALUES ('345', '超级管理员-admin', '0:0:0:0:0:0:0:1', '2020-03-17 11:25:07');
INSERT INTO `sys_loginfo` VALUES ('346', '超级管理员-admin', '0:0:0:0:0:0:0:1', '2020-03-17 11:34:13');
INSERT INTO `sys_loginfo` VALUES ('347', '超级管理员-admin', '0:0:0:0:0:0:0:1', '2020-03-17 11:39:28');
INSERT INTO `sys_loginfo` VALUES ('348', '超级管理员-admin', '0:0:0:0:0:0:0:1', '2020-03-17 11:42:51');
INSERT INTO `sys_loginfo` VALUES ('349', '超级管理员-admin', '0:0:0:0:0:0:0:1', '2020-03-18 04:51:22');
INSERT INTO `sys_loginfo` VALUES ('350', '超级管理员-admin', '0:0:0:0:0:0:0:1', '2020-03-18 05:14:28');
INSERT INTO `sys_loginfo` VALUES ('351', '超级管理员-admin', '0:0:0:0:0:0:0:1', '2020-03-18 06:31:31');
INSERT INTO `sys_loginfo` VALUES ('352', '超级管理员-admin', '0:0:0:0:0:0:0:1', '2020-04-15 10:30:25');
INSERT INTO `sys_loginfo` VALUES ('353', '超级管理员-admin', '0:0:0:0:0:0:0:1', '2020-04-15 10:35:24');
INSERT INTO `sys_loginfo` VALUES ('354', '超级管理员-admin', '0:0:0:0:0:0:0:1', '2020-04-15 10:37:35');
INSERT INTO `sys_loginfo` VALUES ('355', '超级管理员-admin', '0:0:0:0:0:0:0:1', '2020-04-15 10:42:29');
INSERT INTO `sys_loginfo` VALUES ('356', '超级管理员-admin', '0:0:0:0:0:0:0:1', '2020-04-15 10:44:17');
INSERT INTO `sys_loginfo` VALUES ('357', '超级管理员-admin', '0:0:0:0:0:0:0:1', '2020-04-15 10:45:25');
INSERT INTO `sys_loginfo` VALUES ('358', '超级管理员-admin', '0:0:0:0:0:0:0:1', '2020-04-15 13:12:33');
INSERT INTO `sys_loginfo` VALUES ('359', '超级管理员-admin', '0:0:0:0:0:0:0:1', '2020-04-15 13:38:53');
INSERT INTO `sys_loginfo` VALUES ('360', '超级管理员-admin', '0:0:0:0:0:0:0:1', '2020-04-15 13:39:27');
INSERT INTO `sys_loginfo` VALUES ('361', '超级管理员-admin', '0:0:0:0:0:0:0:1', '2020-04-15 13:53:51');
INSERT INTO `sys_loginfo` VALUES ('362', '超级管理员-admin', '0:0:0:0:0:0:0:1', '2020-04-15 14:11:52');
INSERT INTO `sys_loginfo` VALUES ('363', '超级管理员-admin', '0:0:0:0:0:0:0:1', '2020-04-15 14:13:25');
INSERT INTO `sys_loginfo` VALUES ('364', '超级管理员-admin', '0:0:0:0:0:0:0:1', '2020-04-15 14:15:38');
INSERT INTO `sys_loginfo` VALUES ('365', '超级管理员-admin', '0:0:0:0:0:0:0:1', '2020-04-15 14:17:10');
INSERT INTO `sys_loginfo` VALUES ('366', '超级管理员-admin', '0:0:0:0:0:0:0:1', '2020-04-15 14:18:36');
INSERT INTO `sys_loginfo` VALUES ('367', '超级管理员-admin', '0:0:0:0:0:0:0:1', '2020-04-15 14:20:29');
INSERT INTO `sys_loginfo` VALUES ('368', '超级管理员-admin', '0:0:0:0:0:0:0:1', '2020-04-15 14:22:09');
INSERT INTO `sys_loginfo` VALUES ('369', '超级管理员-admin', '0:0:0:0:0:0:0:1', '2020-04-15 14:25:03');
INSERT INTO `sys_loginfo` VALUES ('370', '超级管理员-admin', '0:0:0:0:0:0:0:1', '2020-04-15 14:35:58');
INSERT INTO `sys_loginfo` VALUES ('371', '超级管理员-admin', '0:0:0:0:0:0:0:1', '2020-04-15 16:15:39');
INSERT INTO `sys_loginfo` VALUES ('372', '超级管理员-admin', '0:0:0:0:0:0:0:1', '2020-04-15 17:01:41');
INSERT INTO `sys_loginfo` VALUES ('373', '超级管理员-admin', '0:0:0:0:0:0:0:1', '2020-04-15 17:03:08');
INSERT INTO `sys_loginfo` VALUES ('374', '超级管理员-admin', '0:0:0:0:0:0:0:1', '2020-04-15 17:06:17');
INSERT INTO `sys_loginfo` VALUES ('375', '超级管理员-admin', '0:0:0:0:0:0:0:1', '2020-04-15 17:14:23');
INSERT INTO `sys_loginfo` VALUES ('376', '超级管理员-admin', '0:0:0:0:0:0:0:1', '2020-04-15 17:16:31');
INSERT INTO `sys_loginfo` VALUES ('377', '超级管理员-admin', '0:0:0:0:0:0:0:1', '2020-04-15 17:18:17');
INSERT INTO `sys_loginfo` VALUES ('378', '超级管理员-admin', '0:0:0:0:0:0:0:1', '2020-04-15 17:23:16');
INSERT INTO `sys_loginfo` VALUES ('379', '超级管理员-admin', '0:0:0:0:0:0:0:1', '2020-04-15 17:27:34');
INSERT INTO `sys_loginfo` VALUES ('380', '超级管理员-admin', '0:0:0:0:0:0:0:1', '2020-04-15 17:32:42');
INSERT INTO `sys_loginfo` VALUES ('381', '超级管理员-admin', '0:0:0:0:0:0:0:1', '2020-04-15 17:37:45');
INSERT INTO `sys_loginfo` VALUES ('382', '超级管理员-admin', '0:0:0:0:0:0:0:1', '2020-04-15 17:38:40');
INSERT INTO `sys_loginfo` VALUES ('383', '超级管理员-admin', '0:0:0:0:0:0:0:1', '2020-04-15 17:41:04');
INSERT INTO `sys_loginfo` VALUES ('384', '超级管理员-admin', '0:0:0:0:0:0:0:1', '2020-04-15 17:41:40');
INSERT INTO `sys_loginfo` VALUES ('385', '超级管理员-admin', '0:0:0:0:0:0:0:1', '2020-04-15 17:46:25');
INSERT INTO `sys_loginfo` VALUES ('386', '超级管理员-admin', '0:0:0:0:0:0:0:1', '2020-04-15 17:53:25');
INSERT INTO `sys_loginfo` VALUES ('387', '超级管理员-admin', '0:0:0:0:0:0:0:1', '2020-04-15 17:58:52');
INSERT INTO `sys_loginfo` VALUES ('388', '超级管理员-admin', '0:0:0:0:0:0:0:1', '2020-04-16 03:52:13');
INSERT INTO `sys_loginfo` VALUES ('389', '超级管理员-admin', '0:0:0:0:0:0:0:1', '2020-04-16 03:53:34');
INSERT INTO `sys_loginfo` VALUES ('390', '超级管理员-admin', '0:0:0:0:0:0:0:1', '2020-04-16 03:57:47');
INSERT INTO `sys_loginfo` VALUES ('391', '超级管理员-admin', '0:0:0:0:0:0:0:1', '2020-04-16 04:09:30');
INSERT INTO `sys_loginfo` VALUES ('392', '超级管理员-admin', '0:0:0:0:0:0:0:1', '2020-04-16 04:12:20');
INSERT INTO `sys_loginfo` VALUES ('393', '超级管理员-admin', '0:0:0:0:0:0:0:1', '2020-04-16 04:14:19');
INSERT INTO `sys_loginfo` VALUES ('394', '超级管理员-admin', '0:0:0:0:0:0:0:1', '2020-04-16 04:20:00');
INSERT INTO `sys_loginfo` VALUES ('395', '超级管理员-admin', '0:0:0:0:0:0:0:1', '2020-04-16 04:23:07');
INSERT INTO `sys_loginfo` VALUES ('396', '超级管理员-admin', '0:0:0:0:0:0:0:1', '2020-04-16 04:27:34');
INSERT INTO `sys_loginfo` VALUES ('397', '超级管理员-admin', '0:0:0:0:0:0:0:1', '2020-04-16 04:35:58');
INSERT INTO `sys_loginfo` VALUES ('398', '超级管理员-admin', '0:0:0:0:0:0:0:1', '2020-04-16 04:57:41');
INSERT INTO `sys_loginfo` VALUES ('399', '超级管理员-admin', '0:0:0:0:0:0:0:1', '2020-04-16 09:28:49');
INSERT INTO `sys_loginfo` VALUES ('400', '超级管理员-admin', '0:0:0:0:0:0:0:1', '2020-04-16 09:31:19');
INSERT INTO `sys_loginfo` VALUES ('401', '超级管理员-admin', '0:0:0:0:0:0:0:1', '2020-04-16 09:49:50');
INSERT INTO `sys_loginfo` VALUES ('402', '超级管理员-admin', '0:0:0:0:0:0:0:1', '2020-04-16 09:54:50');
INSERT INTO `sys_loginfo` VALUES ('403', '超级管理员-admin', '0:0:0:0:0:0:0:1', '2020-04-16 10:21:18');
INSERT INTO `sys_loginfo` VALUES ('404', '超级管理员-admin', '0:0:0:0:0:0:0:1', '2020-04-16 10:30:27');
INSERT INTO `sys_loginfo` VALUES ('405', '超级管理员-admin', '0:0:0:0:0:0:0:1', '2020-04-16 10:37:03');
INSERT INTO `sys_loginfo` VALUES ('406', '超级管理员-admin', '0:0:0:0:0:0:0:1', '2020-04-16 10:40:46');
INSERT INTO `sys_loginfo` VALUES ('407', '超级管理员-admin', '0:0:0:0:0:0:0:1', '2020-04-16 10:42:52');
INSERT INTO `sys_loginfo` VALUES ('408', '超级管理员-admin', '0:0:0:0:0:0:0:1', '2020-04-16 10:46:18');
INSERT INTO `sys_loginfo` VALUES ('409', '超级管理员-admin', '0:0:0:0:0:0:0:1', '2020-04-16 10:58:03');
INSERT INTO `sys_loginfo` VALUES ('410', '超级管理员-admin', '0:0:0:0:0:0:0:1', '2020-04-16 11:00:15');
INSERT INTO `sys_loginfo` VALUES ('411', '超级管理员-admin', '0:0:0:0:0:0:0:1', '2020-04-16 11:03:01');
INSERT INTO `sys_loginfo` VALUES ('412', '超级管理员-admin', '0:0:0:0:0:0:0:1', '2020-04-16 11:04:43');
INSERT INTO `sys_loginfo` VALUES ('413', '超级管理员-admin', '0:0:0:0:0:0:0:1', '2020-04-16 11:07:05');
INSERT INTO `sys_loginfo` VALUES ('414', '超级管理员-admin', '0:0:0:0:0:0:0:1', '2020-04-16 11:09:12');
INSERT INTO `sys_loginfo` VALUES ('415', '超级管理员-admin', '0:0:0:0:0:0:0:1', '2020-04-16 11:10:07');
INSERT INTO `sys_loginfo` VALUES ('416', '超级管理员-admin', '0:0:0:0:0:0:0:1', '2020-04-16 11:11:46');
INSERT INTO `sys_loginfo` VALUES ('417', '超级管理员-admin', '0:0:0:0:0:0:0:1', '2020-04-16 11:22:30');
INSERT INTO `sys_loginfo` VALUES ('418', '超级管理员-admin', '0:0:0:0:0:0:0:1', '2020-04-16 11:27:41');
INSERT INTO `sys_loginfo` VALUES ('419', '超级管理员-admin', '0:0:0:0:0:0:0:1', '2020-04-16 11:31:20');
INSERT INTO `sys_loginfo` VALUES ('420', '超级管理员-admin', '0:0:0:0:0:0:0:1', '2020-04-16 11:40:20');
INSERT INTO `sys_loginfo` VALUES ('421', '超级管理员-admin', '0:0:0:0:0:0:0:1', '2020-04-16 11:42:30');
INSERT INTO `sys_loginfo` VALUES ('422', '超级管理员-admin', '0:0:0:0:0:0:0:1', '2020-04-16 11:44:28');
INSERT INTO `sys_loginfo` VALUES ('423', '超级管理员-admin', '0:0:0:0:0:0:0:1', '2020-04-16 11:59:44');
INSERT INTO `sys_loginfo` VALUES ('424', '超级管理员-admin', '0:0:0:0:0:0:0:1', '2020-04-16 12:16:24');
INSERT INTO `sys_loginfo` VALUES ('425', '超级管理员-admin', '0:0:0:0:0:0:0:1', '2020-04-16 12:17:08');
INSERT INTO `sys_loginfo` VALUES ('426', '超级管理员-admin', '0:0:0:0:0:0:0:1', '2020-04-16 12:19:21');
INSERT INTO `sys_loginfo` VALUES ('427', '超级管理员-admin', '0:0:0:0:0:0:0:1', '2020-04-16 13:02:13');
INSERT INTO `sys_loginfo` VALUES ('428', '超级管理员-admin', '0:0:0:0:0:0:0:1', '2020-04-16 15:23:25');
INSERT INTO `sys_loginfo` VALUES ('429', '超级管理员-admin', '127.0.0.1', '2020-04-16 16:19:39');
INSERT INTO `sys_loginfo` VALUES ('430', '超级管理员-admin', '0:0:0:0:0:0:0:1', '2020-04-16 16:22:55');
INSERT INTO `sys_loginfo` VALUES ('431', '超级管理员-admin', '0:0:0:0:0:0:0:1', '2020-04-17 14:45:08');
INSERT INTO `sys_loginfo` VALUES ('432', '超级管理员-admin', '0:0:0:0:0:0:0:1', '2020-04-17 15:24:33');
INSERT INTO `sys_loginfo` VALUES ('433', '超级管理员-admin', '0:0:0:0:0:0:0:1', '2020-04-18 06:29:25');
INSERT INTO `sys_loginfo` VALUES ('434', '超级管理员-admin', '0:0:0:0:0:0:0:1', '2020-04-18 06:34:02');
INSERT INTO `sys_loginfo` VALUES ('435', '超级管理员-admin', '0:0:0:0:0:0:0:1', '2020-04-18 09:06:07');
INSERT INTO `sys_loginfo` VALUES ('436', '超级管理员-admin', '0:0:0:0:0:0:0:1', '2020-04-18 09:10:21');
INSERT INTO `sys_loginfo` VALUES ('437', '超级管理员-admin', '0:0:0:0:0:0:0:1', '2020-04-18 09:12:34');
INSERT INTO `sys_loginfo` VALUES ('438', '超级管理员-admin', '0:0:0:0:0:0:0:1', '2020-04-18 09:16:23');
INSERT INTO `sys_loginfo` VALUES ('439', '超级管理员-admin', '0:0:0:0:0:0:0:1', '2020-04-18 09:17:16');
INSERT INTO `sys_loginfo` VALUES ('440', '超级管理员-admin', '0:0:0:0:0:0:0:1', '2020-04-18 09:18:29');
INSERT INTO `sys_loginfo` VALUES ('441', '超级管理员-admin', '0:0:0:0:0:0:0:1', '2020-04-18 09:23:00');
INSERT INTO `sys_loginfo` VALUES ('442', '超级管理员-admin', '0:0:0:0:0:0:0:1', '2020-04-18 09:25:03');
INSERT INTO `sys_loginfo` VALUES ('443', '超级管理员-admin', '0:0:0:0:0:0:0:1', '2020-04-18 09:26:42');
INSERT INTO `sys_loginfo` VALUES ('444', '超级管理员-admin', '0:0:0:0:0:0:0:1', '2020-04-18 09:27:48');
INSERT INTO `sys_loginfo` VALUES ('445', '超级管理员-admin', '0:0:0:0:0:0:0:1', '2020-04-18 09:29:58');
INSERT INTO `sys_loginfo` VALUES ('446', '超级管理员-admin', '0:0:0:0:0:0:0:1', '2020-04-18 09:33:12');
INSERT INTO `sys_loginfo` VALUES ('447', '超级管理员-admin', '0:0:0:0:0:0:0:1', '2020-04-18 09:34:31');
INSERT INTO `sys_loginfo` VALUES ('448', '超级管理员-admin', '0:0:0:0:0:0:0:1', '2020-04-18 09:35:43');
INSERT INTO `sys_loginfo` VALUES ('449', '超级管理员-admin', '0:0:0:0:0:0:0:1', '2020-04-18 09:38:43');
INSERT INTO `sys_loginfo` VALUES ('450', '超级管理员-admin', '0:0:0:0:0:0:0:1', '2020-04-18 09:42:00');
INSERT INTO `sys_loginfo` VALUES ('451', '超级管理员-admin', '0:0:0:0:0:0:0:1', '2020-04-18 09:47:44');
INSERT INTO `sys_loginfo` VALUES ('452', '超级管理员-admin', '0:0:0:0:0:0:0:1', '2020-04-18 09:49:23');
INSERT INTO `sys_loginfo` VALUES ('453', '超级管理员-admin', '0:0:0:0:0:0:0:1', '2020-04-18 10:01:28');
INSERT INTO `sys_loginfo` VALUES ('454', '超级管理员-admin', '0:0:0:0:0:0:0:1', '2020-04-18 10:02:55');
INSERT INTO `sys_loginfo` VALUES ('455', '超级管理员-admin', '0:0:0:0:0:0:0:1', '2020-04-18 10:27:16');
INSERT INTO `sys_loginfo` VALUES ('456', '超级管理员-admin', '0:0:0:0:0:0:0:1', '2020-04-18 13:03:15');
INSERT INTO `sys_loginfo` VALUES ('457', '超级管理员-admin', '0:0:0:0:0:0:0:1', '2020-04-18 13:07:26');
INSERT INTO `sys_loginfo` VALUES ('458', '超级管理员-admin', '0:0:0:0:0:0:0:1', '2020-04-18 13:16:13');
INSERT INTO `sys_loginfo` VALUES ('459', '超级管理员-admin', '0:0:0:0:0:0:0:1', '2020-04-18 13:19:11');
INSERT INTO `sys_loginfo` VALUES ('460', '超级管理员-admin', '0:0:0:0:0:0:0:1', '2020-04-18 13:22:48');
INSERT INTO `sys_loginfo` VALUES ('461', '超级管理员-admin', '0:0:0:0:0:0:0:1', '2020-04-18 13:31:03');
INSERT INTO `sys_loginfo` VALUES ('462', '超级管理员-admin', '0:0:0:0:0:0:0:1', '2020-04-18 13:35:30');
INSERT INTO `sys_loginfo` VALUES ('463', '超级管理员-admin', '0:0:0:0:0:0:0:1', '2020-04-18 15:43:19');
INSERT INTO `sys_loginfo` VALUES ('464', '超级管理员-admin', '0:0:0:0:0:0:0:1', '2020-04-18 16:08:20');
INSERT INTO `sys_loginfo` VALUES ('465', '超级管理员-admin', '0:0:0:0:0:0:0:1', '2020-04-18 16:10:24');
INSERT INTO `sys_loginfo` VALUES ('466', '超级管理员-admin', '0:0:0:0:0:0:0:1', '2020-04-18 16:11:35');
INSERT INTO `sys_loginfo` VALUES ('467', '超级管理员-admin', '0:0:0:0:0:0:0:1', '2020-04-18 16:13:59');
INSERT INTO `sys_loginfo` VALUES ('468', '超级管理员-admin', '0:0:0:0:0:0:0:1', '2020-04-18 16:16:15');
INSERT INTO `sys_loginfo` VALUES ('469', '超级管理员-admin', '0:0:0:0:0:0:0:1', '2020-04-18 16:41:41');
INSERT INTO `sys_loginfo` VALUES ('470', '超级管理员-admin', '0:0:0:0:0:0:0:1', '2020-04-18 16:45:24');
INSERT INTO `sys_loginfo` VALUES ('471', '超级管理员-admin', '0:0:0:0:0:0:0:1', '2020-04-18 16:48:15');
INSERT INTO `sys_loginfo` VALUES ('472', '超级管理员-admin', '0:0:0:0:0:0:0:1', '2020-04-18 16:50:27');
INSERT INTO `sys_loginfo` VALUES ('473', '超级管理员-admin', '0:0:0:0:0:0:0:1', '2020-04-18 16:52:10');
INSERT INTO `sys_loginfo` VALUES ('474', '超级管理员-admin', '0:0:0:0:0:0:0:1', '2020-04-18 16:53:03');
INSERT INTO `sys_loginfo` VALUES ('475', '超级管理员-admin', '0:0:0:0:0:0:0:1', '2020-04-19 06:11:22');
INSERT INTO `sys_loginfo` VALUES ('476', '超级管理员-admin', '0:0:0:0:0:0:0:1', '2020-04-19 06:25:08');
INSERT INTO `sys_loginfo` VALUES ('477', '超级管理员-admin', '0:0:0:0:0:0:0:1', '2020-04-19 06:28:06');
INSERT INTO `sys_loginfo` VALUES ('478', '超级管理员-admin', '0:0:0:0:0:0:0:1', '2020-04-19 06:30:31');
INSERT INTO `sys_loginfo` VALUES ('479', '超级管理员-admin', '0:0:0:0:0:0:0:1', '2020-04-19 06:32:11');
INSERT INTO `sys_loginfo` VALUES ('480', '超级管理员-admin', '0:0:0:0:0:0:0:1', '2020-04-19 06:35:42');
INSERT INTO `sys_loginfo` VALUES ('481', '超级管理员-admin', '0:0:0:0:0:0:0:1', '2020-04-19 06:49:47');
INSERT INTO `sys_loginfo` VALUES ('482', '超级管理员-admin', '0:0:0:0:0:0:0:1', '2020-04-19 06:53:00');
INSERT INTO `sys_loginfo` VALUES ('483', '超级管理员-admin', '0:0:0:0:0:0:0:1', '2020-04-19 06:53:43');
INSERT INTO `sys_loginfo` VALUES ('484', '超级管理员-admin', '0:0:0:0:0:0:0:1', '2020-04-19 06:54:40');
INSERT INTO `sys_loginfo` VALUES ('485', '超级管理员-admin', '0:0:0:0:0:0:0:1', '2020-04-19 06:55:26');
INSERT INTO `sys_loginfo` VALUES ('486', '超级管理员-admin', '0:0:0:0:0:0:0:1', '2020-04-19 06:57:37');
INSERT INTO `sys_loginfo` VALUES ('487', '超级管理员-admin', '0:0:0:0:0:0:0:1', '2020-04-19 06:59:59');
INSERT INTO `sys_loginfo` VALUES ('488', '超级管理员-admin', '0:0:0:0:0:0:0:1', '2020-04-19 07:02:24');
INSERT INTO `sys_loginfo` VALUES ('489', '超级管理员-admin', '0:0:0:0:0:0:0:1', '2020-04-19 07:04:17');
INSERT INTO `sys_loginfo` VALUES ('490', '超级管理员-admin', '0:0:0:0:0:0:0:1', '2020-04-19 07:05:40');
INSERT INTO `sys_loginfo` VALUES ('491', '超级管理员-admin', '0:0:0:0:0:0:0:1', '2020-04-19 07:07:26');
INSERT INTO `sys_loginfo` VALUES ('492', '超级管理员-admin', '0:0:0:0:0:0:0:1', '2020-04-19 07:07:53');
INSERT INTO `sys_loginfo` VALUES ('493', '超级管理员-admin', '0:0:0:0:0:0:0:1', '2020-04-19 07:08:48');
INSERT INTO `sys_loginfo` VALUES ('494', '超级管理员-admin', '0:0:0:0:0:0:0:1', '2020-04-19 07:11:49');
INSERT INTO `sys_loginfo` VALUES ('495', '超级管理员-admin', '0:0:0:0:0:0:0:1', '2020-04-19 07:14:50');
INSERT INTO `sys_loginfo` VALUES ('496', '超级管理员-admin', '0:0:0:0:0:0:0:1', '2020-04-19 07:21:38');
INSERT INTO `sys_loginfo` VALUES ('497', '超级管理员-admin', '0:0:0:0:0:0:0:1', '2020-04-19 07:26:36');
INSERT INTO `sys_loginfo` VALUES ('498', '超级管理员-admin', '0:0:0:0:0:0:0:1', '2020-04-19 07:41:21');
INSERT INTO `sys_loginfo` VALUES ('499', '超级管理员-admin', '0:0:0:0:0:0:0:1', '2020-04-19 07:41:57');
INSERT INTO `sys_loginfo` VALUES ('500', '超级管理员-admin', '0:0:0:0:0:0:0:1', '2020-04-19 08:02:15');
INSERT INTO `sys_loginfo` VALUES ('501', '超级管理员-admin', '0:0:0:0:0:0:0:1', '2020-04-19 08:05:48');
INSERT INTO `sys_loginfo` VALUES ('502', '超级管理员-admin', '0:0:0:0:0:0:0:1', '2020-04-19 08:19:27');
INSERT INTO `sys_loginfo` VALUES ('503', '超级管理员-admin', '0:0:0:0:0:0:0:1', '2020-04-19 08:20:35');
INSERT INTO `sys_loginfo` VALUES ('504', '超级管理员-admin', '0:0:0:0:0:0:0:1', '2020-04-19 08:25:02');
INSERT INTO `sys_loginfo` VALUES ('505', '超级管理员-admin', '127.0.0.1', '2020-04-19 08:25:53');
INSERT INTO `sys_loginfo` VALUES ('506', '超级管理员-admin', '0:0:0:0:0:0:0:1', '2020-04-19 08:34:15');
INSERT INTO `sys_loginfo` VALUES ('507', '超级管理员-admin', '0:0:0:0:0:0:0:1', '2020-04-19 08:38:31');
INSERT INTO `sys_loginfo` VALUES ('508', '超级管理员-admin', '0:0:0:0:0:0:0:1', '2020-04-19 08:40:40');
INSERT INTO `sys_loginfo` VALUES ('509', '超级管理员-admin', '0:0:0:0:0:0:0:1', '2020-04-19 08:50:25');
INSERT INTO `sys_loginfo` VALUES ('510', '超级管理员-admin', '0:0:0:0:0:0:0:1', '2020-04-19 12:00:56');
INSERT INTO `sys_loginfo` VALUES ('511', '超级管理员-admin', '0:0:0:0:0:0:0:1', '2020-04-19 12:43:36');
INSERT INTO `sys_loginfo` VALUES ('512', '超级管理员-admin', '0:0:0:0:0:0:0:1', '2020-04-19 12:52:31');
INSERT INTO `sys_loginfo` VALUES ('513', '超级管理员-admin', '0:0:0:0:0:0:0:1', '2020-04-19 13:07:24');
INSERT INTO `sys_loginfo` VALUES ('514', '超级管理员-admin', '0:0:0:0:0:0:0:1', '2020-04-19 13:08:49');
INSERT INTO `sys_loginfo` VALUES ('515', '超级管理员-admin', '0:0:0:0:0:0:0:1', '2020-04-19 13:09:56');
INSERT INTO `sys_loginfo` VALUES ('516', '超级管理员-admin', '0:0:0:0:0:0:0:1', '2020-04-19 13:12:23');
INSERT INTO `sys_loginfo` VALUES ('517', '超级管理员-admin', '0:0:0:0:0:0:0:1', '2020-04-19 13:21:45');
INSERT INTO `sys_loginfo` VALUES ('518', '超级管理员-admin', '0:0:0:0:0:0:0:1', '2020-04-19 13:23:58');
INSERT INTO `sys_loginfo` VALUES ('519', '超级管理员-admin', '0:0:0:0:0:0:0:1', '2020-04-19 13:26:51');
INSERT INTO `sys_loginfo` VALUES ('520', '超级管理员-admin', '0:0:0:0:0:0:0:1', '2020-04-19 13:29:50');
INSERT INTO `sys_loginfo` VALUES ('521', '超级管理员-admin', '0:0:0:0:0:0:0:1', '2020-04-19 13:33:49');
INSERT INTO `sys_loginfo` VALUES ('522', '超级管理员-admin', '0:0:0:0:0:0:0:1', '2020-04-19 13:36:58');
INSERT INTO `sys_loginfo` VALUES ('523', '超级管理员-admin', '0:0:0:0:0:0:0:1', '2020-04-19 13:38:03');
INSERT INTO `sys_loginfo` VALUES ('524', '超级管理员-admin', '0:0:0:0:0:0:0:1', '2020-04-19 13:52:47');
INSERT INTO `sys_loginfo` VALUES ('525', '超级管理员-admin', '0:0:0:0:0:0:0:1', '2020-04-19 13:53:22');
INSERT INTO `sys_loginfo` VALUES ('526', '超级管理员-admin', '0:0:0:0:0:0:0:1', '2020-04-19 13:54:49');
INSERT INTO `sys_loginfo` VALUES ('527', '超级管理员-admin', '0:0:0:0:0:0:0:1', '2020-04-19 14:18:15');
INSERT INTO `sys_loginfo` VALUES ('528', '超级管理员-admin', '0:0:0:0:0:0:0:1', '2020-04-19 15:02:31');
INSERT INTO `sys_loginfo` VALUES ('529', '超级管理员-admin', '0:0:0:0:0:0:0:1', '2020-04-20 05:27:16');
INSERT INTO `sys_loginfo` VALUES ('530', '超级管理员-admin', '0:0:0:0:0:0:0:1', '2020-04-20 05:28:33');
INSERT INTO `sys_loginfo` VALUES ('531', '超级管理员-admin', '0:0:0:0:0:0:0:1', '2020-04-20 05:32:01');
INSERT INTO `sys_loginfo` VALUES ('532', '超级管理员-admin', '0:0:0:0:0:0:0:1', '2020-04-20 05:35:19');
INSERT INTO `sys_loginfo` VALUES ('533', '超级管理员-admin', '0:0:0:0:0:0:0:1', '2020-04-20 05:38:01');
INSERT INTO `sys_loginfo` VALUES ('534', '超级管理员-admin', '0:0:0:0:0:0:0:1', '2020-04-20 05:38:58');
INSERT INTO `sys_loginfo` VALUES ('535', '超级管理员-admin', '0:0:0:0:0:0:0:1', '2020-04-20 05:42:54');
INSERT INTO `sys_loginfo` VALUES ('536', '超级管理员-admin', '0:0:0:0:0:0:0:1', '2020-04-20 06:00:39');
INSERT INTO `sys_loginfo` VALUES ('537', '超级管理员-admin', '0:0:0:0:0:0:0:1', '2020-04-20 06:03:39');
INSERT INTO `sys_loginfo` VALUES ('538', '超级管理员-admin', '0:0:0:0:0:0:0:1', '2020-04-20 06:05:58');
INSERT INTO `sys_loginfo` VALUES ('539', '超级管理员-admin', '0:0:0:0:0:0:0:1', '2020-04-20 06:09:53');
INSERT INTO `sys_loginfo` VALUES ('540', '超级管理员-admin', '0:0:0:0:0:0:0:1', '2020-04-20 06:23:42');
INSERT INTO `sys_loginfo` VALUES ('541', '超级管理员-admin', '0:0:0:0:0:0:0:1', '2020-04-20 06:26:44');
INSERT INTO `sys_loginfo` VALUES ('542', '超级管理员-admin', '0:0:0:0:0:0:0:1', '2020-04-20 06:28:43');
INSERT INTO `sys_loginfo` VALUES ('543', '超级管理员-admin', '0:0:0:0:0:0:0:1', '2020-04-20 06:31:40');
INSERT INTO `sys_loginfo` VALUES ('544', '超级管理员-admin', '0:0:0:0:0:0:0:1', '2020-04-20 06:33:39');
INSERT INTO `sys_loginfo` VALUES ('545', '超级管理员-admin', '0:0:0:0:0:0:0:1', '2020-04-20 06:40:58');
INSERT INTO `sys_loginfo` VALUES ('546', '超级管理员-admin', '0:0:0:0:0:0:0:1', '2020-04-20 06:43:22');
INSERT INTO `sys_loginfo` VALUES ('547', '超级管理员-admin', '0:0:0:0:0:0:0:1', '2020-04-20 06:49:02');
INSERT INTO `sys_loginfo` VALUES ('548', '超级管理员-admin', '0:0:0:0:0:0:0:1', '2020-04-20 06:50:54');
INSERT INTO `sys_loginfo` VALUES ('549', '超级管理员-admin', '0:0:0:0:0:0:0:1', '2020-04-20 06:51:43');
INSERT INTO `sys_loginfo` VALUES ('550', '超级管理员-admin', '0:0:0:0:0:0:0:1', '2020-04-20 06:52:33');
INSERT INTO `sys_loginfo` VALUES ('551', '超级管理员-admin', '0:0:0:0:0:0:0:1', '2020-04-20 06:56:22');
INSERT INTO `sys_loginfo` VALUES ('552', '超级管理员-admin', '0:0:0:0:0:0:0:1', '2020-04-20 06:56:54');
INSERT INTO `sys_loginfo` VALUES ('553', '超级管理员-admin', '0:0:0:0:0:0:0:1', '2020-04-20 06:58:39');
INSERT INTO `sys_loginfo` VALUES ('554', '超级管理员-admin', '0:0:0:0:0:0:0:1', '2020-04-20 07:02:44');
INSERT INTO `sys_loginfo` VALUES ('555', '超级管理员-admin', '0:0:0:0:0:0:0:1', '2020-04-20 07:04:09');
INSERT INTO `sys_loginfo` VALUES ('556', '超级管理员-admin', '0:0:0:0:0:0:0:1', '2020-04-20 07:07:06');
INSERT INTO `sys_loginfo` VALUES ('557', '超级管理员-admin', '0:0:0:0:0:0:0:1', '2020-04-20 07:09:22');
INSERT INTO `sys_loginfo` VALUES ('558', '超级管理员-admin', '0:0:0:0:0:0:0:1', '2020-04-20 07:10:19');
INSERT INTO `sys_loginfo` VALUES ('559', '超级管理员-admin', '0:0:0:0:0:0:0:1', '2020-04-20 07:12:11');
INSERT INTO `sys_loginfo` VALUES ('560', '超级管理员-admin', '0:0:0:0:0:0:0:1', '2020-04-20 07:13:01');
INSERT INTO `sys_loginfo` VALUES ('561', '超级管理员-admin', '0:0:0:0:0:0:0:1', '2020-04-20 07:13:59');
INSERT INTO `sys_loginfo` VALUES ('562', '超级管理员-admin', '0:0:0:0:0:0:0:1', '2020-04-20 07:16:42');
INSERT INTO `sys_loginfo` VALUES ('563', '超级管理员-admin', '0:0:0:0:0:0:0:1', '2020-04-20 07:17:46');
INSERT INTO `sys_loginfo` VALUES ('564', '超级管理员-admin', '0:0:0:0:0:0:0:1', '2020-04-20 07:18:42');
INSERT INTO `sys_loginfo` VALUES ('565', '超级管理员-admin', '0:0:0:0:0:0:0:1', '2020-04-20 07:23:22');
INSERT INTO `sys_loginfo` VALUES ('566', '超级管理员-admin', '0:0:0:0:0:0:0:1', '2020-04-20 07:25:42');
INSERT INTO `sys_loginfo` VALUES ('567', '超级管理员-admin', '0:0:0:0:0:0:0:1', '2020-04-20 07:26:22');
INSERT INTO `sys_loginfo` VALUES ('568', '超级管理员-admin', '0:0:0:0:0:0:0:1', '2020-04-20 07:28:11');
INSERT INTO `sys_loginfo` VALUES ('569', '超级管理员-admin', '0:0:0:0:0:0:0:1', '2020-04-20 07:31:23');
INSERT INTO `sys_loginfo` VALUES ('570', '超级管理员-admin', '0:0:0:0:0:0:0:1', '2020-04-20 07:31:48');
INSERT INTO `sys_loginfo` VALUES ('571', '超级管理员-admin', '0:0:0:0:0:0:0:1', '2020-04-20 07:39:25');
INSERT INTO `sys_loginfo` VALUES ('572', '超级管理员-admin', '0:0:0:0:0:0:0:1', '2020-04-20 07:41:58');
INSERT INTO `sys_loginfo` VALUES ('573', '超级管理员-admin', '0:0:0:0:0:0:0:1', '2020-04-20 07:44:34');
INSERT INTO `sys_loginfo` VALUES ('574', '超级管理员-admin', '0:0:0:0:0:0:0:1', '2020-04-20 07:46:13');
INSERT INTO `sys_loginfo` VALUES ('575', '超级管理员-admin', '0:0:0:0:0:0:0:1', '2020-04-20 07:46:58');
INSERT INTO `sys_loginfo` VALUES ('576', '1002-1002', '0:0:0:0:0:0:0:1', '2020-04-20 07:48:28');
INSERT INTO `sys_loginfo` VALUES ('577', '1003-1003', '0:0:0:0:0:0:0:1', '2020-04-20 07:51:41');
INSERT INTO `sys_loginfo` VALUES ('578', '超级管理员-admin', '0:0:0:0:0:0:0:1', '2020-04-20 07:52:06');
INSERT INTO `sys_loginfo` VALUES ('579', '超级管理员-admin', '0:0:0:0:0:0:0:1', '2020-04-20 11:02:42');
INSERT INTO `sys_loginfo` VALUES ('580', '超级管理员-admin', '0:0:0:0:0:0:0:1', '2020-04-20 11:33:43');
INSERT INTO `sys_loginfo` VALUES ('581', '超级管理员-admin', '0:0:0:0:0:0:0:1', '2020-04-20 11:35:38');
INSERT INTO `sys_loginfo` VALUES ('582', '超级管理员-admin', '0:0:0:0:0:0:0:1', '2020-04-20 13:13:36');
INSERT INTO `sys_loginfo` VALUES ('583', '超级管理员-admin', '0:0:0:0:0:0:0:1', '2020-04-20 13:33:24');
INSERT INTO `sys_loginfo` VALUES ('584', '超级管理员-admin', '0:0:0:0:0:0:0:1', '2020-04-20 13:37:15');
INSERT INTO `sys_loginfo` VALUES ('585', '超级管理员-admin', '0:0:0:0:0:0:0:1', '2020-04-20 13:39:11');
INSERT INTO `sys_loginfo` VALUES ('586', '超级管理员-admin', '0:0:0:0:0:0:0:1', '2020-04-20 13:41:26');
INSERT INTO `sys_loginfo` VALUES ('587', '超级管理员-admin', '0:0:0:0:0:0:0:1', '2020-04-20 13:44:00');
INSERT INTO `sys_loginfo` VALUES ('588', '超级管理员-admin', '0:0:0:0:0:0:0:1', '2020-04-20 13:48:28');
INSERT INTO `sys_loginfo` VALUES ('589', '超级管理员-admin', '0:0:0:0:0:0:0:1', '2020-04-20 13:50:02');
INSERT INTO `sys_loginfo` VALUES ('590', '超级管理员-admin', '0:0:0:0:0:0:0:1', '2020-04-20 13:52:27');
INSERT INTO `sys_loginfo` VALUES ('591', '超级管理员-admin', '0:0:0:0:0:0:0:1', '2020-04-20 13:58:23');
INSERT INTO `sys_loginfo` VALUES ('592', '超级管理员-admin', '0:0:0:0:0:0:0:1', '2020-04-20 14:00:56');
INSERT INTO `sys_loginfo` VALUES ('593', '超级管理员-admin', '0:0:0:0:0:0:0:1', '2020-04-20 14:02:22');
INSERT INTO `sys_loginfo` VALUES ('594', '超级管理员-admin', '0:0:0:0:0:0:0:1', '2020-04-20 14:06:44');
INSERT INTO `sys_loginfo` VALUES ('595', '超级管理员-admin', '0:0:0:0:0:0:0:1', '2020-04-20 14:08:15');
INSERT INTO `sys_loginfo` VALUES ('596', '超级管理员-admin', '0:0:0:0:0:0:0:1', '2020-04-20 14:12:47');
INSERT INTO `sys_loginfo` VALUES ('597', '超级管理员-admin', '0:0:0:0:0:0:0:1', '2020-04-20 14:14:26');
INSERT INTO `sys_loginfo` VALUES ('598', '超级管理员-admin', '0:0:0:0:0:0:0:1', '2020-04-20 14:50:54');
INSERT INTO `sys_loginfo` VALUES ('599', '超级管理员-admin', '0:0:0:0:0:0:0:1', '2020-04-20 14:58:31');
INSERT INTO `sys_loginfo` VALUES ('600', '超级管理员-admin', '0:0:0:0:0:0:0:1', '2020-04-20 15:00:55');
INSERT INTO `sys_loginfo` VALUES ('601', '超级管理员-admin', '0:0:0:0:0:0:0:1', '2020-04-20 15:15:18');
INSERT INTO `sys_loginfo` VALUES ('602', '超级管理员-admin', '0:0:0:0:0:0:0:1', '2020-04-20 15:38:35');
INSERT INTO `sys_loginfo` VALUES ('603', '超级管理员-admin', '0:0:0:0:0:0:0:1', '2020-04-20 15:44:50');
INSERT INTO `sys_loginfo` VALUES ('604', '超级管理员-admin', '0:0:0:0:0:0:0:1', '2020-04-20 15:47:14');
INSERT INTO `sys_loginfo` VALUES ('605', '超级管理员-admin', '0:0:0:0:0:0:0:1', '2020-04-20 15:49:36');
INSERT INTO `sys_loginfo` VALUES ('606', '超级管理员-admin', '0:0:0:0:0:0:0:1', '2020-04-20 15:52:31');
INSERT INTO `sys_loginfo` VALUES ('607', '超级管理员-admin', '0:0:0:0:0:0:0:1', '2020-04-20 15:57:27');
INSERT INTO `sys_loginfo` VALUES ('608', '超级管理员-admin', '0:0:0:0:0:0:0:1', '2020-04-20 15:59:01');
INSERT INTO `sys_loginfo` VALUES ('609', '超级管理员-admin', '0:0:0:0:0:0:0:1', '2020-04-20 15:59:32');
INSERT INTO `sys_loginfo` VALUES ('610', '超级管理员-admin', '0:0:0:0:0:0:0:1', '2020-04-20 16:04:20');
INSERT INTO `sys_loginfo` VALUES ('611', '超级管理员-admin', '0:0:0:0:0:0:0:1', '2020-04-20 16:07:47');
INSERT INTO `sys_loginfo` VALUES ('612', '超级管理员-admin', '0:0:0:0:0:0:0:1', '2020-04-20 16:11:54');
INSERT INTO `sys_loginfo` VALUES ('613', '超级管理员-admin', '0:0:0:0:0:0:0:1', '2020-04-20 16:12:47');
INSERT INTO `sys_loginfo` VALUES ('614', '超级管理员-admin', '0:0:0:0:0:0:0:1', '2020-04-20 16:16:26');
INSERT INTO `sys_loginfo` VALUES ('615', '超级管理员-admin', '0:0:0:0:0:0:0:1', '2020-04-20 16:18:12');
INSERT INTO `sys_loginfo` VALUES ('616', '超级管理员-admin', '0:0:0:0:0:0:0:1', '2020-04-20 16:32:04');
INSERT INTO `sys_loginfo` VALUES ('617', '超级管理员-admin', '0:0:0:0:0:0:0:1', '2020-04-20 16:39:39');
INSERT INTO `sys_loginfo` VALUES ('618', '超级管理员-admin', '0:0:0:0:0:0:0:1', '2020-04-20 16:50:07');
INSERT INTO `sys_loginfo` VALUES ('619', '超级管理员-admin', '0:0:0:0:0:0:0:1', '2020-04-20 16:51:06');
INSERT INTO `sys_loginfo` VALUES ('620', '超级管理员-admin', '0:0:0:0:0:0:0:1', '2020-04-20 16:54:43');
INSERT INTO `sys_loginfo` VALUES ('621', '刘增宝-10001101', '0:0:0:0:0:0:0:1', '2020-04-20 17:20:32');
INSERT INTO `sys_loginfo` VALUES ('622', '一年级年级组长-1001', '0:0:0:0:0:0:0:1', '2020-04-20 17:21:30');
INSERT INTO `sys_loginfo` VALUES ('623', '超级管理员-admin', '0:0:0:0:0:0:0:1', '2020-04-20 17:22:14');
INSERT INTO `sys_loginfo` VALUES ('624', '一年级一班班主任-10011', '0:0:0:0:0:0:0:1', '2020-04-20 17:25:44');
INSERT INTO `sys_loginfo` VALUES ('625', '超级管理员-admin', '0:0:0:0:0:0:0:1', '2020-04-20 17:26:35');
INSERT INTO `sys_loginfo` VALUES ('626', '一年级一班班主任-10011', '0:0:0:0:0:0:0:1', '2020-04-20 17:27:13');
INSERT INTO `sys_loginfo` VALUES ('627', '超级管理员-admin', '0:0:0:0:0:0:0:1', '2020-04-20 17:27:49');
INSERT INTO `sys_loginfo` VALUES ('628', '一年级一班班主任-10011', '0:0:0:0:0:0:0:1', '2020-04-20 17:28:16');
INSERT INTO `sys_loginfo` VALUES ('629', '刘增宝-10001101', '0:0:0:0:0:0:0:1', '2020-04-20 17:29:48');
INSERT INTO `sys_loginfo` VALUES ('630', '超级管理员-admin', '0:0:0:0:0:0:0:1', '2020-04-20 17:30:05');
INSERT INTO `sys_loginfo` VALUES ('631', '超级管理员-admin', '0:0:0:0:0:0:0:1', '2020-04-20 17:30:57');
INSERT INTO `sys_loginfo` VALUES ('632', '超级管理员-admin', '0:0:0:0:0:0:0:1', '2020-04-20 17:34:56');
INSERT INTO `sys_loginfo` VALUES ('633', '刘增宝-10001101', '0:0:0:0:0:0:0:1', '2020-04-20 17:35:17');
INSERT INTO `sys_loginfo` VALUES ('634', '刘增宝-10001101', '0:0:0:0:0:0:0:1', '2020-04-21 04:56:36');
INSERT INTO `sys_loginfo` VALUES ('635', '刘增宝-10001101', '0:0:0:0:0:0:0:1', '2020-04-21 05:39:52');
INSERT INTO `sys_loginfo` VALUES ('636', '超级管理员-admin', '0:0:0:0:0:0:0:1', '2020-04-21 05:44:11');
INSERT INTO `sys_loginfo` VALUES ('637', '超级管理员-admin', '0:0:0:0:0:0:0:1', '2020-04-21 06:14:49');
INSERT INTO `sys_loginfo` VALUES ('638', '超级管理员-admin', '0:0:0:0:0:0:0:1', '2020-04-21 06:39:01');
INSERT INTO `sys_loginfo` VALUES ('639', '刘增宝-10001101', '0:0:0:0:0:0:0:1', '2020-04-21 06:39:32');
INSERT INTO `sys_loginfo` VALUES ('640', '超级管理员-admin', '0:0:0:0:0:0:0:1', '2020-04-21 06:41:07');
INSERT INTO `sys_loginfo` VALUES ('641', '超级管理员-admin', '0:0:0:0:0:0:0:1', '2020-04-21 06:42:20');
INSERT INTO `sys_loginfo` VALUES ('642', '刘增宝-10001101', '0:0:0:0:0:0:0:1', '2020-04-21 06:43:03');
INSERT INTO `sys_loginfo` VALUES ('643', '刘增宝-10001101', '0:0:0:0:0:0:0:1', '2020-04-21 06:44:32');
INSERT INTO `sys_loginfo` VALUES ('644', '一年级年级组长-1001', '0:0:0:0:0:0:0:1', '2020-04-21 06:44:47');
INSERT INTO `sys_loginfo` VALUES ('645', '一年级一班班主任-10011', '0:0:0:0:0:0:0:1', '2020-04-21 06:45:06');
INSERT INTO `sys_loginfo` VALUES ('646', '超级管理员-admin', '0:0:0:0:0:0:0:1', '2020-04-21 06:47:28');
INSERT INTO `sys_loginfo` VALUES ('647', '刘增宝-10001101', '0:0:0:0:0:0:0:1', '2020-04-21 06:47:57');
INSERT INTO `sys_loginfo` VALUES ('648', '刘增宝-10001101', '0:0:0:0:0:0:0:1', '2020-04-21 07:02:23');
INSERT INTO `sys_loginfo` VALUES ('649', '刘增宝-10001101', '0:0:0:0:0:0:0:1', '2020-04-21 07:04:28');
INSERT INTO `sys_loginfo` VALUES ('650', '超级管理员-admin', '0:0:0:0:0:0:0:1', '2020-04-21 09:32:26');
INSERT INTO `sys_loginfo` VALUES ('651', '超级管理员-admin', '0:0:0:0:0:0:0:1', '2020-04-21 11:34:46');
INSERT INTO `sys_loginfo` VALUES ('652', '超级管理员-admin', '0:0:0:0:0:0:0:1', '2020-04-21 12:16:11');
INSERT INTO `sys_loginfo` VALUES ('653', '超级管理员-admin', '0:0:0:0:0:0:0:1', '2020-04-21 12:19:46');
INSERT INTO `sys_loginfo` VALUES ('654', '超级管理员-admin', '0:0:0:0:0:0:0:1', '2020-04-21 12:23:34');
INSERT INTO `sys_loginfo` VALUES ('655', '超级管理员-admin', '0:0:0:0:0:0:0:1', '2020-04-21 12:27:30');
INSERT INTO `sys_loginfo` VALUES ('656', '超级管理员-admin', '0:0:0:0:0:0:0:1', '2020-04-21 12:41:02');
INSERT INTO `sys_loginfo` VALUES ('657', '超级管理员-admin', '0:0:0:0:0:0:0:1', '2020-04-21 12:42:52');
INSERT INTO `sys_loginfo` VALUES ('658', '超级管理员-admin', '0:0:0:0:0:0:0:1', '2020-04-21 12:43:56');
INSERT INTO `sys_loginfo` VALUES ('659', '超级管理员-admin', '0:0:0:0:0:0:0:1', '2020-04-21 12:50:08');
INSERT INTO `sys_loginfo` VALUES ('660', '超级管理员-admin', '0:0:0:0:0:0:0:1', '2020-04-21 12:51:35');
INSERT INTO `sys_loginfo` VALUES ('661', '超级管理员-admin', '0:0:0:0:0:0:0:1', '2020-04-21 12:53:03');
INSERT INTO `sys_loginfo` VALUES ('662', '超级管理员-admin', '0:0:0:0:0:0:0:1', '2020-04-21 12:56:37');
INSERT INTO `sys_loginfo` VALUES ('663', '超级管理员-admin', '0:0:0:0:0:0:0:1', '2020-04-21 12:57:39');
INSERT INTO `sys_loginfo` VALUES ('664', '超级管理员-admin', '0:0:0:0:0:0:0:1', '2020-04-21 12:58:26');
INSERT INTO `sys_loginfo` VALUES ('665', '超级管理员-admin', '0:0:0:0:0:0:0:1', '2020-04-21 13:01:37');
INSERT INTO `sys_loginfo` VALUES ('666', '超级管理员-admin', '0:0:0:0:0:0:0:1', '2020-04-21 13:02:12');
INSERT INTO `sys_loginfo` VALUES ('667', '超级管理员-admin', '0:0:0:0:0:0:0:1', '2020-04-21 13:03:00');
INSERT INTO `sys_loginfo` VALUES ('668', '超级管理员-admin', '127.0.0.1', '2020-04-21 13:03:50');
INSERT INTO `sys_loginfo` VALUES ('669', '超级管理员-admin', '0:0:0:0:0:0:0:1', '2020-04-21 13:05:40');
INSERT INTO `sys_loginfo` VALUES ('670', '超级管理员-admin', '127.0.0.1', '2020-04-21 13:06:33');
INSERT INTO `sys_loginfo` VALUES ('671', '超级管理员-admin', '0:0:0:0:0:0:0:1', '2020-04-21 13:08:13');
INSERT INTO `sys_loginfo` VALUES ('672', '一年级一班班主任-10011', '0:0:0:0:0:0:0:1', '2020-04-21 13:26:17');
INSERT INTO `sys_loginfo` VALUES ('673', '一年级年级组长-1001', '0:0:0:0:0:0:0:1', '2020-04-21 13:26:40');
INSERT INTO `sys_loginfo` VALUES ('674', '超级管理员-admin', '0:0:0:0:0:0:0:1', '2020-04-21 13:45:21');
INSERT INTO `sys_loginfo` VALUES ('675', '一年级一班班主任-10011', '0:0:0:0:0:0:0:1', '2020-04-21 13:45:51');
INSERT INTO `sys_loginfo` VALUES ('676', '刘增宝-10001101', '0:0:0:0:0:0:0:1', '2020-04-21 13:46:12');
INSERT INTO `sys_loginfo` VALUES ('677', '刘增宝-10001101', '0:0:0:0:0:0:0:1', '2020-04-21 13:47:21');
INSERT INTO `sys_loginfo` VALUES ('678', '刘增宝-10001101', '0:0:0:0:0:0:0:1', '2020-04-21 13:54:08');
INSERT INTO `sys_loginfo` VALUES ('679', '刘增宝-10001101', '0:0:0:0:0:0:0:1', '2020-04-21 14:04:27');
INSERT INTO `sys_loginfo` VALUES ('680', '刘增宝-10001101', '0:0:0:0:0:0:0:1', '2020-04-21 14:08:26');
INSERT INTO `sys_loginfo` VALUES ('681', '刘增宝-10001101', '0:0:0:0:0:0:0:1', '2020-04-21 14:10:43');
INSERT INTO `sys_loginfo` VALUES ('682', '刘增宝-10001101', '0:0:0:0:0:0:0:1', '2020-04-21 14:13:50');
INSERT INTO `sys_loginfo` VALUES ('683', '刘增宝-10001101', '0:0:0:0:0:0:0:1', '2020-04-21 14:17:23');
INSERT INTO `sys_loginfo` VALUES ('684', '刘增宝-10001101', '0:0:0:0:0:0:0:1', '2020-04-21 14:18:24');
INSERT INTO `sys_loginfo` VALUES ('685', '刘增宝-10001101', '0:0:0:0:0:0:0:1', '2020-04-21 14:20:00');
INSERT INTO `sys_loginfo` VALUES ('686', '刘增宝-10001101', '0:0:0:0:0:0:0:1', '2020-04-21 14:20:49');
INSERT INTO `sys_loginfo` VALUES ('687', '刘增宝-10001101', '0:0:0:0:0:0:0:1', '2020-04-21 14:29:44');
INSERT INTO `sys_loginfo` VALUES ('688', '刘增宝-10001101', '0:0:0:0:0:0:0:1', '2020-04-21 14:31:35');
INSERT INTO `sys_loginfo` VALUES ('689', '刘增宝-10001101', '0:0:0:0:0:0:0:1', '2020-04-21 14:36:55');
INSERT INTO `sys_loginfo` VALUES ('690', '刘增宝-10001101', '0:0:0:0:0:0:0:1', '2020-04-21 14:39:10');
INSERT INTO `sys_loginfo` VALUES ('691', '刘增宝-10001101', '0:0:0:0:0:0:0:1', '2020-04-21 14:41:20');
INSERT INTO `sys_loginfo` VALUES ('692', '刘增宝-10001101', '0:0:0:0:0:0:0:1', '2020-04-21 14:43:08');
INSERT INTO `sys_loginfo` VALUES ('693', '刘增宝-10001101', '0:0:0:0:0:0:0:1', '2020-04-21 15:10:10');
INSERT INTO `sys_loginfo` VALUES ('694', '刘增宝-10001101', '0:0:0:0:0:0:0:1', '2020-04-21 15:14:55');
INSERT INTO `sys_loginfo` VALUES ('695', '刘增宝-10001101', '0:0:0:0:0:0:0:1', '2020-04-21 15:18:19');
INSERT INTO `sys_loginfo` VALUES ('696', '刘增宝-10001101', '0:0:0:0:0:0:0:1', '2020-04-21 15:24:24');
INSERT INTO `sys_loginfo` VALUES ('697', '刘增宝-10001101', '0:0:0:0:0:0:0:1', '2020-04-21 15:25:13');
INSERT INTO `sys_loginfo` VALUES ('698', '刘增宝-10001101', '0:0:0:0:0:0:0:1', '2020-04-21 15:26:18');
INSERT INTO `sys_loginfo` VALUES ('699', '刘增宝-10001101', '0:0:0:0:0:0:0:1', '2020-04-21 15:27:46');
INSERT INTO `sys_loginfo` VALUES ('700', '刘增宝-10001101', '0:0:0:0:0:0:0:1', '2020-04-21 15:32:08');
INSERT INTO `sys_loginfo` VALUES ('701', '刘增宝-10001101', '0:0:0:0:0:0:0:1', '2020-04-21 15:39:37');
INSERT INTO `sys_loginfo` VALUES ('702', '刘增宝-10001101', '0:0:0:0:0:0:0:1', '2020-04-21 15:46:25');
INSERT INTO `sys_loginfo` VALUES ('703', '刘增宝-10001101', '0:0:0:0:0:0:0:1', '2020-04-21 15:55:22');
INSERT INTO `sys_loginfo` VALUES ('704', '刘增宝-10001101', '0:0:0:0:0:0:0:1', '2020-04-21 16:09:31');
INSERT INTO `sys_loginfo` VALUES ('705', '刘增宝-10001101', '0:0:0:0:0:0:0:1', '2020-04-21 16:10:43');
INSERT INTO `sys_loginfo` VALUES ('706', '刘增宝-10001101', '0:0:0:0:0:0:0:1', '2020-04-21 16:19:02');
INSERT INTO `sys_loginfo` VALUES ('707', '刘增宝-10001101', '0:0:0:0:0:0:0:1', '2020-04-21 16:21:26');
INSERT INTO `sys_loginfo` VALUES ('708', '刘增宝-10001101', '0:0:0:0:0:0:0:1', '2020-04-21 16:23:23');
INSERT INTO `sys_loginfo` VALUES ('709', '刘增宝-10001101', '0:0:0:0:0:0:0:1', '2020-04-21 16:24:50');
INSERT INTO `sys_loginfo` VALUES ('710', '刘增宝-10001101', '0:0:0:0:0:0:0:1', '2020-04-21 16:35:57');
INSERT INTO `sys_loginfo` VALUES ('711', '刘增宝-10001101', '127.0.0.1', '2020-04-21 16:37:11');
INSERT INTO `sys_loginfo` VALUES ('712', '刘增宝-10001101', '0:0:0:0:0:0:0:1', '2020-04-21 16:38:21');
INSERT INTO `sys_loginfo` VALUES ('713', '刘增宝-10001101', '0:0:0:0:0:0:0:1', '2020-04-21 16:40:48');
INSERT INTO `sys_loginfo` VALUES ('714', '刘增宝-10001101', '0:0:0:0:0:0:0:1', '2020-04-21 16:42:23');
INSERT INTO `sys_loginfo` VALUES ('715', '刘增宝-10001101', '0:0:0:0:0:0:0:1', '2020-04-21 16:45:22');
INSERT INTO `sys_loginfo` VALUES ('716', '刘增宝-10001101', '0:0:0:0:0:0:0:1', '2020-04-21 16:46:34');
INSERT INTO `sys_loginfo` VALUES ('717', '刘增宝-10001101', '0:0:0:0:0:0:0:1', '2020-04-21 16:49:05');
INSERT INTO `sys_loginfo` VALUES ('718', '刘增宝-10001101', '0:0:0:0:0:0:0:1', '2020-04-21 16:52:35');
INSERT INTO `sys_loginfo` VALUES ('719', '刘增宝-10001101', '0:0:0:0:0:0:0:1', '2020-04-21 16:53:19');
INSERT INTO `sys_loginfo` VALUES ('720', '刘增宝-10001101', '0:0:0:0:0:0:0:1', '2020-04-21 16:54:15');
INSERT INTO `sys_loginfo` VALUES ('721', '一年级一班班主任-10011', '0:0:0:0:0:0:0:1', '2020-04-21 16:54:33');
INSERT INTO `sys_loginfo` VALUES ('722', '一年级一班班主任-10011', '0:0:0:0:0:0:0:1', '2020-04-21 16:56:47');
INSERT INTO `sys_loginfo` VALUES ('723', '一年级一班班主任-10011', '0:0:0:0:0:0:0:1', '2020-04-21 16:57:59');
INSERT INTO `sys_loginfo` VALUES ('724', '一年级一班班主任-10011', '0:0:0:0:0:0:0:1', '2020-04-21 17:00:11');
INSERT INTO `sys_loginfo` VALUES ('725', '一年级一班班主任-10011', '0:0:0:0:0:0:0:1', '2020-04-21 17:09:49');
INSERT INTO `sys_loginfo` VALUES ('726', '一年级一班班主任-10011', '0:0:0:0:0:0:0:1', '2020-04-21 17:30:41');
INSERT INTO `sys_loginfo` VALUES ('727', '刘增宝-10001101', '0:0:0:0:0:0:0:1', '2020-04-21 17:31:35');
INSERT INTO `sys_loginfo` VALUES ('728', '刘增宝-10001101', '0:0:0:0:0:0:0:1', '2020-04-21 17:38:55');
INSERT INTO `sys_loginfo` VALUES ('729', '刘增宝-10001101', '0:0:0:0:0:0:0:1', '2020-04-21 17:45:25');
INSERT INTO `sys_loginfo` VALUES ('730', '刘增宝-10001101', '0:0:0:0:0:0:0:1', '2020-04-21 17:47:34');
INSERT INTO `sys_loginfo` VALUES ('731', '刘增宝-10001101', '0:0:0:0:0:0:0:1', '2020-04-21 17:48:25');
INSERT INTO `sys_loginfo` VALUES ('732', '刘增宝-10001101', '0:0:0:0:0:0:0:1', '2020-04-21 17:50:22');
INSERT INTO `sys_loginfo` VALUES ('733', '刘增宝-10001101', '127.0.0.1', '2020-04-21 17:57:18');
INSERT INTO `sys_loginfo` VALUES ('734', '刘增宝-10001101', '0:0:0:0:0:0:0:1', '2020-04-21 18:03:47');
INSERT INTO `sys_loginfo` VALUES ('735', '刘增宝-10001101', '0:0:0:0:0:0:0:1', '2020-04-21 18:05:43');
INSERT INTO `sys_loginfo` VALUES ('736', '刘增宝-10001101', '0:0:0:0:0:0:0:1', '2020-04-21 18:06:46');
INSERT INTO `sys_loginfo` VALUES ('737', '刘增宝-10001101', '0:0:0:0:0:0:0:1', '2020-04-21 18:10:31');
INSERT INTO `sys_loginfo` VALUES ('738', '刘增宝-10001101', '0:0:0:0:0:0:0:1', '2020-04-21 18:11:24');
INSERT INTO `sys_loginfo` VALUES ('739', '刘增宝-10001101', '0:0:0:0:0:0:0:1', '2020-04-21 18:12:54');
INSERT INTO `sys_loginfo` VALUES ('740', '一年级一班班主任-10011', '0:0:0:0:0:0:0:1', '2020-04-21 18:14:04');
INSERT INTO `sys_loginfo` VALUES ('741', '一年级一班班主任-10011', '0:0:0:0:0:0:0:1', '2020-04-22 03:57:34');
INSERT INTO `sys_loginfo` VALUES ('742', '一年级一班班主任-10011', '127.0.0.1', '2020-04-22 04:00:09');
INSERT INTO `sys_loginfo` VALUES ('743', '一年级一班班主任-10011', '0:0:0:0:0:0:0:1', '2020-04-22 04:00:54');
INSERT INTO `sys_loginfo` VALUES ('744', '一年级一班班主任-10011', '0:0:0:0:0:0:0:1', '2020-04-22 04:04:30');
INSERT INTO `sys_loginfo` VALUES ('745', '超级管理员-admin', '0:0:0:0:0:0:0:1', '2020-04-22 04:05:56');
INSERT INTO `sys_loginfo` VALUES ('746', '超级管理员-admin', '0:0:0:0:0:0:0:1', '2020-04-22 04:08:01');
INSERT INTO `sys_loginfo` VALUES ('747', '超级管理员-admin', '0:0:0:0:0:0:0:1', '2020-04-22 04:30:10');
INSERT INTO `sys_loginfo` VALUES ('748', '刘增宝-10001101', '0:0:0:0:0:0:0:1', '2020-04-22 05:15:34');
INSERT INTO `sys_loginfo` VALUES ('749', '刘增宝-10001101', '0:0:0:0:0:0:0:1', '2020-04-22 05:18:17');
INSERT INTO `sys_loginfo` VALUES ('750', '刘增宝-10001101', '0:0:0:0:0:0:0:1', '2020-04-22 05:20:26');
INSERT INTO `sys_loginfo` VALUES ('751', '刘增宝-10001101', '0:0:0:0:0:0:0:1', '2020-04-22 05:21:55');
INSERT INTO `sys_loginfo` VALUES ('752', '刘增宝-10001101', '0:0:0:0:0:0:0:1', '2020-04-22 05:25:04');
INSERT INTO `sys_loginfo` VALUES ('753', '刘增宝-10001101', '0:0:0:0:0:0:0:1', '2020-04-22 05:28:23');
INSERT INTO `sys_loginfo` VALUES ('754', '刘增宝-10001101', '0:0:0:0:0:0:0:1', '2020-04-22 05:30:28');
INSERT INTO `sys_loginfo` VALUES ('755', '刘增宝-10001101', '0:0:0:0:0:0:0:1', '2020-04-22 05:32:27');
INSERT INTO `sys_loginfo` VALUES ('756', '刘增宝-10001101', '0:0:0:0:0:0:0:1', '2020-04-22 05:36:24');
INSERT INTO `sys_loginfo` VALUES ('757', '刘增宝-10001101', '0:0:0:0:0:0:0:1', '2020-04-22 05:39:54');
INSERT INTO `sys_loginfo` VALUES ('758', '刘增宝-10001101', '0:0:0:0:0:0:0:1', '2020-04-22 05:43:51');
INSERT INTO `sys_loginfo` VALUES ('759', '超级管理员-admin', '0:0:0:0:0:0:0:1', '2020-04-22 05:45:36');
INSERT INTO `sys_loginfo` VALUES ('760', '一年级一班班主任-10011', '0:0:0:0:0:0:0:1', '2020-04-22 05:46:19');
INSERT INTO `sys_loginfo` VALUES ('761', '刘增宝-10001101', '0:0:0:0:0:0:0:1', '2020-04-22 05:46:46');

-- ----------------------------
-- Table structure for sys_notice
-- ----------------------------
DROP TABLE IF EXISTS `sys_notice`;
CREATE TABLE `sys_notice` (
  `id` int(11) NOT NULL AUTO_INCREMENT,
  `title` varchar(255) COLLATE utf8_unicode_ci DEFAULT NULL,
  `content` text COLLATE utf8_unicode_ci,
  `createtime` datetime DEFAULT NULL,
  `opername` varchar(255) COLLATE utf8_unicode_ci DEFAULT NULL,
  PRIMARY KEY (`id`) USING BTREE
) ENGINE=InnoDB AUTO_INCREMENT=37 DEFAULT CHARSET=utf8 COLLATE=utf8_unicode_ci ROW_FORMAT=COMPACT;

-- ----------------------------
-- Records of sys_notice
-- ----------------------------
INSERT INTO `sys_notice` VALUES ('36', '刘增宝中期答辩', '毕业设计正在....写', '2020-03-10 05:26:19', '超级管理员');

-- ----------------------------
-- Table structure for sys_permission
-- ----------------------------
DROP TABLE IF EXISTS `sys_permission`;
CREATE TABLE `sys_permission` (
  `id` int(11) NOT NULL AUTO_INCREMENT,
  `pid` int(11) DEFAULT NULL,
  `type` varchar(255) COLLATE utf8_unicode_ci DEFAULT NULL,
  `title` varchar(255) COLLATE utf8_unicode_ci DEFAULT NULL,
  `percode` varchar(255) COLLATE utf8_unicode_ci DEFAULT NULL COMMENT '权限编码[只有type=permission才有 user:view]',
  `icon` varchar(255) COLLATE utf8_unicode_ci DEFAULT NULL,
  `href` varchar(255) COLLATE utf8_unicode_ci DEFAULT NULL,
  `target` varchar(255) COLLATE utf8_unicode_ci DEFAULT NULL,
  `open` int(11) DEFAULT NULL,
  `ordernum` int(11) DEFAULT NULL,
  `available` int(11) DEFAULT NULL COMMENT '是否可用[0不可用，1可用]',
  PRIMARY KEY (`id`) USING BTREE
) ENGINE=InnoDB AUTO_INCREMENT=155 DEFAULT CHARSET=utf8 COLLATE=utf8_unicode_ci ROW_FORMAT=COMPACT;

-- ----------------------------
-- Records of sys_permission
-- ----------------------------
INSERT INTO `sys_permission` VALUES ('1', '0', 'menu', '家校通', null, '&#xe68e;', '', '', '1', '1', '1');
INSERT INTO `sys_permission` VALUES ('2', '1', 'menu', '家校沟通', null, '&#xe613;', '', '', '0', '2', '1');
INSERT INTO `sys_permission` VALUES ('3', '1', 'menu', '成绩管理', null, '&#xe621;', '', '', '0', '3', '1');
INSERT INTO `sys_permission` VALUES ('5', '1', 'menu', '系统管理', null, '&#xe614;', '', '', '0', '5', '1');
INSERT INTO `sys_permission` VALUES ('6', '1', 'menu', '其它管理', null, '&#xe628;', '', '', '0', '6', '1');
INSERT INTO `sys_permission` VALUES ('14', '5', 'menu', '部门管理', null, '&#xe770;', '/sys/toDeptManager', '', '0', '14', '1');
INSERT INTO `sys_permission` VALUES ('15', '5', 'menu', '菜单管理', null, '&#xe857;', '/sys/toMenuManager', '', '0', '15', '1');
INSERT INTO `sys_permission` VALUES ('16', '5', 'menu', '权限管理', '', '&#xe857;', '/sys/toPermissionManager', '', '0', '16', '1');
INSERT INTO `sys_permission` VALUES ('17', '5', 'menu', '角色管理', '', '&#xe650;', '/sys/toRoleManager', '', '0', '17', '1');
INSERT INTO `sys_permission` VALUES ('18', '5', 'menu', '用户管理', '', '&#xe612;', '/sys/toUserManager', '', '0', '18', '1');
INSERT INTO `sys_permission` VALUES ('21', '6', 'menu', '登陆日志', null, '&#xe675;', '/sys/toLoginfoManager', '', '0', '23', '1');
INSERT INTO `sys_permission` VALUES ('22', '6', 'menu', '系统公告', null, '&#xe756;', '/sys/toNoticeManager', '', '0', '19', '1');
INSERT INTO `sys_permission` VALUES ('23', '6', 'menu', '图标管理', null, '&#xe670;', '../resources/page/icon.html', '', '0', '24', '1');
INSERT INTO `sys_permission` VALUES ('30', '14', 'permission', '添加部门', 'dept:create', '', null, null, '0', '24', '1');
INSERT INTO `sys_permission` VALUES ('31', '14', 'permission', '修改部门', 'dept:update', '', null, null, '0', '26', '1');
INSERT INTO `sys_permission` VALUES ('32', '14', 'permission', '删除部门', 'dept:delete', '', null, null, '0', '27', '1');
INSERT INTO `sys_permission` VALUES ('34', '15', 'permission', '添加菜单', 'menu:create', '', '', '', '0', '29', '1');
INSERT INTO `sys_permission` VALUES ('35', '15', 'permission', '修改菜单', 'menu:update', '', null, null, '0', '30', '1');
INSERT INTO `sys_permission` VALUES ('36', '15', 'permission', '删除菜单', 'menu:delete', '', null, null, '0', '31', '1');
INSERT INTO `sys_permission` VALUES ('38', '16', 'permission', '添加权限', 'permission:create', '', null, null, '0', '33', '1');
INSERT INTO `sys_permission` VALUES ('39', '16', 'permission', '修改权限', 'permission:update', '', null, null, '0', '34', '1');
INSERT INTO `sys_permission` VALUES ('40', '16', 'permission', '删除权限', 'permission:delete', '', null, null, '0', '35', '1');
INSERT INTO `sys_permission` VALUES ('42', '17', 'permission', '添加角色', 'role:create', '', null, null, '0', '37', '1');
INSERT INTO `sys_permission` VALUES ('43', '17', 'permission', '修改角色', 'role:update', '', null, null, '0', '38', '1');
INSERT INTO `sys_permission` VALUES ('44', '17', 'permission', '删除角色', 'role:delete', '', null, null, '0', '39', '1');
INSERT INTO `sys_permission` VALUES ('46', '17', 'permission', '分配权限', 'role:selectPermission', '', null, null, '0', '41', '1');
INSERT INTO `sys_permission` VALUES ('47', '18', 'permission', '添加用户', 'user:create', '', null, null, '0', '42', '1');
INSERT INTO `sys_permission` VALUES ('48', '18', 'permission', '修改用户', 'user:update', '', null, null, '0', '43', '1');
INSERT INTO `sys_permission` VALUES ('49', '18', 'permission', '删除用户', 'user:delete', '', null, null, '0', '44', '1');
INSERT INTO `sys_permission` VALUES ('51', '18', 'permission', '用户分配角色', 'user:selectRole', '', null, null, '0', '46', '1');
INSERT INTO `sys_permission` VALUES ('52', '18', 'permission', '重置密码', 'user:resetPwd', null, null, null, '0', '47', '1');
INSERT INTO `sys_permission` VALUES ('53', '14', 'permission', '部门查询', 'dept:view', null, null, null, '0', '48', '1');
INSERT INTO `sys_permission` VALUES ('54', '15', 'permission', '菜单查询', 'menu:view', null, null, null, '0', '49', '1');
INSERT INTO `sys_permission` VALUES ('55', '16', 'permission', '权限查询', 'permission:view', null, null, null, '0', '50', '1');
INSERT INTO `sys_permission` VALUES ('56', '17', 'permission', '角色查询', 'role:view', null, null, null, '0', '51', '1');
INSERT INTO `sys_permission` VALUES ('57', '18', 'permission', '用户查询', 'user:view', null, null, null, '0', '52', '1');
INSERT INTO `sys_permission` VALUES ('73', '21', 'permission', '日志查询', 'info:view', null, null, null, null, '65', '1');
INSERT INTO `sys_permission` VALUES ('74', '21', 'permission', '日志删除', 'info:delete', null, null, null, null, '66', '1');
INSERT INTO `sys_permission` VALUES ('75', '21', 'permission', '日志批量删除', 'info:batchdelete', null, null, null, null, '67', '1');
INSERT INTO `sys_permission` VALUES ('76', '22', 'permission', '公告查询', 'notice:view', null, null, null, null, '68', '1');
INSERT INTO `sys_permission` VALUES ('77', '22', 'permission', '公告添加', 'notice:create', null, null, null, null, '69', '1');
INSERT INTO `sys_permission` VALUES ('78', '22', 'permission', '公告修改', 'notice:update', null, null, null, null, '70', '1');
INSERT INTO `sys_permission` VALUES ('79', '22', 'permission', '公告删除', 'notice:delete', null, null, null, null, '71', '1');
INSERT INTO `sys_permission` VALUES ('86', '22', 'permission', '公告查看', 'notice:viewnotice', null, null, null, null, '78', '1');
INSERT INTO `sys_permission` VALUES ('119', '22', 'permission', '公告批量删除', 'notice:batchdelete', null, null, null, '0', '87', '1');
INSERT INTO `sys_permission` VALUES ('121', '6', 'menu', '数据库管理', null, '&#xe656;', '/druid', '', '0', '21', '1');
INSERT INTO `sys_permission` VALUES ('124', '121', 'permission', '数据库', 'sys.data', null, null, null, '0', '89', '1');
INSERT INTO `sys_permission` VALUES ('136', '6', 'menu', '缓存管理', null, '&#xe62e;', '/sys/toCacheManager', '', '0', '22', '1');
INSERT INTO `sys_permission` VALUES ('137', '2', 'menu', '留言管理', null, '&#xe611;', '/bus/manage', '', '0', '90', '1');
INSERT INTO `sys_permission` VALUES ('150', '2', 'menu', '查看留言', null, '&#xe615;', '/bus/myms', '', '1', '91', '1');
INSERT INTO `sys_permission` VALUES ('152', '3', 'menu', '成绩录入与分析', null, '&#xe609;', '/bus/addscore', '', '1', '92', '1');
INSERT INTO `sys_permission` VALUES ('153', '3', 'menu', '学生成绩分析', null, '&#xe60a;', '/bus/search', '', '1', '93', '1');
INSERT INTO `sys_permission` VALUES ('154', '3', 'menu', '个人成绩分析', null, '&#xe6af;', '/bus/stuscore', '', '1', '94', '1');

-- ----------------------------
-- Table structure for sys_role
-- ----------------------------
DROP TABLE IF EXISTS `sys_role`;
CREATE TABLE `sys_role` (
  `id` int(11) NOT NULL AUTO_INCREMENT,
  `name` varchar(255) COLLATE utf8_unicode_ci DEFAULT NULL,
  `remark` varchar(255) COLLATE utf8_unicode_ci DEFAULT NULL,
  `available` int(11) DEFAULT NULL COMMENT '0不可用，1可用',
  `createtime` datetime DEFAULT NULL,
  PRIMARY KEY (`id`) USING BTREE
) ENGINE=InnoDB AUTO_INCREMENT=23 DEFAULT CHARSET=utf8 COLLATE=utf8_unicode_ci ROW_FORMAT=COMPACT;

-- ----------------------------
-- Records of sys_role
-- ----------------------------
INSERT INTO `sys_role` VALUES ('19', '超级管理员', '超级管理员', '1', '2020-03-08 07:05:55');
INSERT INTO `sys_role` VALUES ('21', '学生', '学生家长', '1', '2020-03-08 07:06:39');
INSERT INTO `sys_role` VALUES ('22', '老师', '老师', '1', '2020-03-08 07:07:44');

-- ----------------------------
-- Table structure for sys_role_permission
-- ----------------------------
DROP TABLE IF EXISTS `sys_role_permission`;
CREATE TABLE `sys_role_permission` (
  `rid` int(11) NOT NULL,
  `pid` int(11) NOT NULL,
  PRIMARY KEY (`pid`,`rid`),
  KEY `sys_role_permission_ibfk_2` (`rid`),
  CONSTRAINT `sys_role_permission_ibfk_1` FOREIGN KEY (`pid`) REFERENCES `sys_permission` (`id`),
  CONSTRAINT `sys_role_permission_ibfk_2` FOREIGN KEY (`rid`) REFERENCES `sys_role` (`id`)
) ENGINE=InnoDB DEFAULT CHARSET=utf8 COLLATE=utf8_unicode_ci;

-- ----------------------------
-- Records of sys_role_permission
-- ----------------------------
INSERT INTO `sys_role_permission` VALUES ('19', '1');
INSERT INTO `sys_role_permission` VALUES ('19', '2');
INSERT INTO `sys_role_permission` VALUES ('19', '3');
INSERT INTO `sys_role_permission` VALUES ('19', '5');
INSERT INTO `sys_role_permission` VALUES ('19', '6');
INSERT INTO `sys_role_permission` VALUES ('19', '14');
INSERT INTO `sys_role_permission` VALUES ('19', '15');
INSERT INTO `sys_role_permission` VALUES ('19', '16');
INSERT INTO `sys_role_permission` VALUES ('19', '17');
INSERT INTO `sys_role_permission` VALUES ('19', '18');
INSERT INTO `sys_role_permission` VALUES ('19', '21');
INSERT INTO `sys_role_permission` VALUES ('19', '22');
INSERT INTO `sys_role_permission` VALUES ('19', '23');
INSERT INTO `sys_role_permission` VALUES ('19', '30');
INSERT INTO `sys_role_permission` VALUES ('19', '31');
INSERT INTO `sys_role_permission` VALUES ('19', '32');
INSERT INTO `sys_role_permission` VALUES ('19', '34');
INSERT INTO `sys_role_permission` VALUES ('19', '35');
INSERT INTO `sys_role_permission` VALUES ('19', '36');
INSERT INTO `sys_role_permission` VALUES ('19', '38');
INSERT INTO `sys_role_permission` VALUES ('19', '39');
INSERT INTO `sys_role_permission` VALUES ('19', '40');
INSERT INTO `sys_role_permission` VALUES ('19', '42');
INSERT INTO `sys_role_permission` VALUES ('19', '43');
INSERT INTO `sys_role_permission` VALUES ('19', '44');
INSERT INTO `sys_role_permission` VALUES ('19', '46');
INSERT INTO `sys_role_permission` VALUES ('19', '47');
INSERT INTO `sys_role_permission` VALUES ('19', '48');
INSERT INTO `sys_role_permission` VALUES ('19', '49');
INSERT INTO `sys_role_permission` VALUES ('19', '51');
INSERT INTO `sys_role_permission` VALUES ('19', '52');
INSERT INTO `sys_role_permission` VALUES ('19', '53');
INSERT INTO `sys_role_permission` VALUES ('19', '54');
INSERT INTO `sys_role_permission` VALUES ('19', '55');
INSERT INTO `sys_role_permission` VALUES ('19', '56');
INSERT INTO `sys_role_permission` VALUES ('19', '57');
INSERT INTO `sys_role_permission` VALUES ('19', '73');
INSERT INTO `sys_role_permission` VALUES ('19', '74');
INSERT INTO `sys_role_permission` VALUES ('19', '75');
INSERT INTO `sys_role_permission` VALUES ('19', '76');
INSERT INTO `sys_role_permission` VALUES ('19', '77');
INSERT INTO `sys_role_permission` VALUES ('19', '78');
INSERT INTO `sys_role_permission` VALUES ('19', '79');
INSERT INTO `sys_role_permission` VALUES ('19', '86');
INSERT INTO `sys_role_permission` VALUES ('19', '119');
INSERT INTO `sys_role_permission` VALUES ('19', '121');
INSERT INTO `sys_role_permission` VALUES ('19', '124');
INSERT INTO `sys_role_permission` VALUES ('19', '136');
INSERT INTO `sys_role_permission` VALUES ('19', '137');
INSERT INTO `sys_role_permission` VALUES ('19', '150');
INSERT INTO `sys_role_permission` VALUES ('19', '152');
INSERT INTO `sys_role_permission` VALUES ('19', '153');
INSERT INTO `sys_role_permission` VALUES ('21', '1');
INSERT INTO `sys_role_permission` VALUES ('21', '2');
INSERT INTO `sys_role_permission` VALUES ('21', '3');
INSERT INTO `sys_role_permission` VALUES ('21', '137');
INSERT INTO `sys_role_permission` VALUES ('21', '150');
INSERT INTO `sys_role_permission` VALUES ('21', '154');
INSERT INTO `sys_role_permission` VALUES ('22', '1');
INSERT INTO `sys_role_permission` VALUES ('22', '2');
INSERT INTO `sys_role_permission` VALUES ('22', '3');
INSERT INTO `sys_role_permission` VALUES ('22', '5');
INSERT INTO `sys_role_permission` VALUES ('22', '18');
INSERT INTO `sys_role_permission` VALUES ('22', '52');
INSERT INTO `sys_role_permission` VALUES ('22', '57');
INSERT INTO `sys_role_permission` VALUES ('22', '137');
INSERT INTO `sys_role_permission` VALUES ('22', '150');
INSERT INTO `sys_role_permission` VALUES ('22', '152');
INSERT INTO `sys_role_permission` VALUES ('22', '153');

-- ----------------------------
-- Table structure for sys_user
-- ----------------------------
DROP TABLE IF EXISTS `sys_user`;
CREATE TABLE `sys_user` (
  `id` int(11) NOT NULL AUTO_INCREMENT,
  `name` varchar(50) COLLATE utf8_unicode_ci DEFAULT NULL,
  `loginname` varchar(50) COLLATE utf8_unicode_ci DEFAULT NULL,
  `pwd` varchar(50) COLLATE utf8_unicode_ci DEFAULT NULL,
  `address` varchar(50) COLLATE utf8_unicode_ci DEFAULT NULL,
  `sex` int(11) DEFAULT NULL,
  `remark` varchar(50) COLLATE utf8_unicode_ci DEFAULT NULL,
  `deptid` int(11) DEFAULT NULL,
  `hiredate` datetime DEFAULT NULL,
  `mgr` int(11) DEFAULT NULL COMMENT '上级领导id',
  `available` int(11) DEFAULT NULL COMMENT '是否可用，0不可用，1可用',
  `ordernum` int(11) DEFAULT NULL COMMENT '排序码',
  `type` int(11) DEFAULT NULL COMMENT '用户类型[0超级管理员，1管理员，2普通用户]',
  `imgpath` varchar(255) COLLATE utf8_unicode_ci DEFAULT NULL COMMENT '用户头像地址',
  `salt` varchar(255) COLLATE utf8_unicode_ci DEFAULT NULL COMMENT '盐',
  PRIMARY KEY (`id`)
) ENGINE=InnoDB AUTO_INCREMENT=117 DEFAULT CHARSET=utf8 COLLATE=utf8_unicode_ci;

-- ----------------------------
-- Records of sys_user
-- ----------------------------
INSERT INTO `sys_user` VALUES ('1', '超级管理员', 'admin', '532ac00e86893901af5f0be6b704dbc7', '华北理工大学', '1', '超级管理员', '1', '2018-06-25 11:06:34', null, '1', '1', '0', '2020-03-17/2093F2B690A64A9AA571C915F1D9DC31.jpg', '04A93C74C8294AA09A8B974FD1F4ECBB');
INSERT INTO `sys_user` VALUES ('3', '一年级年级组长', '1001', 'cf208aeb925360f1b0530a648be3c978', '华北理工大学', '0', '一年级年级主任', '3', '2019-12-02 10:49:12', '32', '1', '3', '1', '2020-03-17/2093F2B690A64A9AA571C915F1D9DC31.jpg', 'C788CA8BF69D4974BEE2C4C56ECFC06B');
INSERT INTO `sys_user` VALUES ('30', '一年级一班班主任', '10011', 'f467539292db670ec479ddebe7d7e5c4', '', '1', '', '7', null, '3', '1', '4', '1', '/images/defaultusertitle.jpg', 'A1B9E81A12CB456BB6FB026FC18D76EA');
INSERT INTO `sys_user` VALUES ('31', '一年级二班班主任', '10012', '54933f50faaa6efa4505f92b77db4992', '', '1', '', '8', null, '3', '1', '5', '1', '/images/defaultusertitle.jpg', 'B84BC5627BC34476B03105DC6B79F98E');
INSERT INTO `sys_user` VALUES ('32', '校长', '100', '3bea8e598a0d208e7dab5ba8cfba0029', '', '1', '', '1', '2020-04-06 16:00:00', null, '1', '6', '1', '/images/defaultusertitle.jpg', '82A1F6E32B07482D8F506CF7B837190E');
INSERT INTO `sys_user` VALUES ('33', '二年级年级组长', '1002', 'f0d66248726d3aff606e5a40d662e12f', '', '1', '', '4', null, '32', '1', '7', '1', '/images/defaultusertitle.jpg', 'D8D4A505E772467A9AB555BACD8D24F9');
INSERT INTO `sys_user` VALUES ('34', '二年级一班班主任', '10021', '9386ce7fbb7c7b6df2aa0d223e648242', '', '1', '', '9', null, '33', '1', '8', '1', '/images/defaultusertitle.jpg', '09C5997F7E3C4F6E9B0E477081364CD2');
INSERT INTO `sys_user` VALUES ('35', '三年级年级组长', '1003', '439f85d63940c49585cee3b8798be7a3', '', '1', '', '5', null, '32', '1', '9', '1', '/images/defaultusertitle.jpg', '3E179553B7ED41A39111C93EED9DBBE5');
INSERT INTO `sys_user` VALUES ('36', '三年级一班班主任', '10031', '0431a57f220cc6a19d69e41e7227770b', '', '1', '', '10', null, '35', '1', '10', '1', '/images/defaultusertitle.jpg', 'D09330A4CC6945AAB8855637F078DC3C');
INSERT INTO `sys_user` VALUES ('37', '刘增宝', '10001101', 'e0e512363c7a3d5a409b1ec39686fe3c', '河北', null, '无备注', '7', null, '30', '1', null, '1', '/images/defaultusertitle.jpg', '59C1733B46A5438CAFA07EC80F210CC7');
INSERT INTO `sys_user` VALUES ('38', '刘增贝', '10001102', 'bcaa523e5ce65dfb77cfa1278e9e08cb', '河北', null, '无备注', '7', null, '30', '1', null, '1', '/images/defaultusertitle.jpg', 'FA1A924A7C5A469989F0B4C6FD48B148');
INSERT INTO `sys_user` VALUES ('39', '刘增边', '10001103', '571cbe02d685ce43a42ea31c081057e7', '河北', null, '无备注', '7', null, '30', '1', null, '1', '/images/defaultusertitle.jpg', '34BF5F038E084C12B03198D590E73226');
INSERT INTO `sys_user` VALUES ('40', '刘增宋', '10001104', 'f40ce12916f53c63eed17be666e04738', '河北', null, '无备注', '7', null, '30', '1', null, '1', '/images/defaultusertitle.jpg', 'E7D5E534BB2D4414A5009927F745193F');
INSERT INTO `sys_user` VALUES ('41', '刘增晶', '10001105', '324e2611b47b721165b100ec07d566f7', '河北', null, '无备注', '7', null, '30', '1', null, '1', '/images/defaultusertitle.jpg', 'CA2A3389C63A45AD9F387D0784EB6726');
INSERT INTO `sys_user` VALUES ('42', '刘增好', '10001106', '1a48d6e25a994a9e103777be38f5a3aa', '河北', null, '无备注', '7', null, '30', '1', null, '1', '/images/defaultusertitle.jpg', '9E33DA4F1D8A4EB39A8FE98C72F0A93F');
INSERT INTO `sys_user` VALUES ('43', '刘增益', '10001107', '3e04eee97f2b35de608eeb58d0f5d104', '河北', null, '无备注', '7', null, '30', '1', null, '1', '/images/defaultusertitle.jpg', '3DA24E31F34E4E0FA407F5F7E1D2C55A');
INSERT INTO `sys_user` VALUES ('44', '刘增和', '10001108', 'c6e0d2e47c1eb418a82a6acfc0d9dde4', '河北', null, '无备注', '7', null, '30', '1', null, '1', '/images/defaultusertitle.jpg', '63893294F1D64592AAB73C892BB1B7A2');
INSERT INTO `sys_user` VALUES ('45', '刘增大', '10001109', '0fa6df689890831ab9f3ffc3b6d01c8c', '河北', null, '无备注', '7', null, '30', '1', null, '1', '/images/defaultusertitle.jpg', 'A05B06D5BF974787B13E59187E9E158F');
INSERT INTO `sys_user` VALUES ('46', '刘增白', '10001110', '779335831ba0ede9e3d3fc081303513a', '河北', null, '无备注', '7', null, '30', '1', null, '1', '/images/defaultusertitle.jpg', '83850EEFC56645D3AACFDAF2CDD78F55');
INSERT INTO `sys_user` VALUES ('47', '刘涵宝', '10001111', '43033904fdf138855516798fccb69f62', '河北', null, '无备注', '7', null, '30', '1', null, '1', '/images/defaultusertitle.jpg', 'F3E2901E916148A6997E08FDFAFA0B46');
INSERT INTO `sys_user` VALUES ('48', '刘涵贝', '10001112', '8ab361d779ac33e6e9d79f4487cf896b', '河北', null, '无备注', '7', null, '30', '1', null, '1', '/images/defaultusertitle.jpg', '30DD0980A3AD47AB99F2E94381636153');
INSERT INTO `sys_user` VALUES ('49', '刘涵边', '10001113', '6f04bc7dc73709c8e5e6e4581f4803ae', '河北', null, '无备注', '7', null, '30', '1', null, '1', '/images/defaultusertitle.jpg', '9940F62D529E451FAF32814780C6B537');
INSERT INTO `sys_user` VALUES ('50', '刘涵宋', '10001114', '2490aa23852fb4443df55447a8f0db35', '河北', null, '无备注', '7', null, '30', '1', null, '1', '/images/defaultusertitle.jpg', '6E70295D91104D3A9B573CB0F1675832');
INSERT INTO `sys_user` VALUES ('51', '刘涵晶', '10001115', 'df6b6dea69235aa5fa66759051a41111', '河北', null, '无备注', '7', null, '30', '1', null, '1', '/images/defaultusertitle.jpg', '0322D31A7EC44ECB99825C927449FC89');
INSERT INTO `sys_user` VALUES ('52', '刘涵好', '10001116', '8c1dbf6cbdbc6877cb05211c7ff8069a', '河北', null, '无备注', '7', null, '30', '1', null, '1', '/images/defaultusertitle.jpg', '9AB1016E3F26438EA0D956468ED1C981');
INSERT INTO `sys_user` VALUES ('53', '刘涵益', '10001117', 'ace3019c96abd26156637c1393c2bdf7', '河北', null, '无备注', '7', null, '30', '1', null, '1', '/images/defaultusertitle.jpg', 'AE5DA0B86D764A579F97A6F9C1410719');
INSERT INTO `sys_user` VALUES ('54', '刘涵益', '10001118', '93afbc87da3b1258a9012aeeeebebc78', '河北', null, '无备注', '7', null, '30', '1', null, '1', '/images/defaultusertitle.jpg', '60F30FACDEE2488185D30A72758FB387');
INSERT INTO `sys_user` VALUES ('55', '刘涵大', '10001119', '18aea92589ff4d6c82502880db01b71f', '河北', null, '无备注', '7', null, '30', '1', null, '1', '/images/defaultusertitle.jpg', 'C7054ACD83E84A7EAB0DA53DAAFE9723');
INSERT INTO `sys_user` VALUES ('56', '刘涵白', '10001120', 'bec0798e52569492f2a5cd7ddfac1207', '河北', null, '无备注', '7', null, '30', '1', null, '1', '/images/defaultusertitle.jpg', '5D114224B33B4B7DBDEE13F4564CE9DF');
INSERT INTO `sys_user` VALUES ('57', '刘涵1', '10001121', '8955bd63d474cc0989889788429ea935', '河北', null, '无备注', '8', null, '31', '1', null, '1', '/images/defaultusertitle.jpg', '94174A5973A64DAB80E3F314CC4423F3');
INSERT INTO `sys_user` VALUES ('58', '刘涵2', '10001122', '76710a0394b7c15f12300a6d6fc24e0c', '河北', null, '无备注', '8', null, '31', '1', null, '1', '/images/defaultusertitle.jpg', '1BBADE11FB49433488EF9093BE5DA0F2');
INSERT INTO `sys_user` VALUES ('59', '刘涵3', '10001123', '2fba9c9825f3d180cc00bb56b5411bab', '河北', null, '无备注', '8', null, '31', '1', null, '1', '/images/defaultusertitle.jpg', '39E5E28AB5294E1CA869B50D56A0C69E');
INSERT INTO `sys_user` VALUES ('60', '刘涵4', '10001124', '40bc33af19677c076033f735c4e03482', '河北', null, '无备注', '8', null, '31', '1', null, '1', '/images/defaultusertitle.jpg', '8482941BFC5245BABB8BDD88AF29B1A2');
INSERT INTO `sys_user` VALUES ('61', '刘涵5', '10001125', '3bdd69916d1b3e5f829178f3d6e56184', '河北', null, '无备注', '8', null, '31', '1', null, '1', '/images/defaultusertitle.jpg', 'F9393260ABD444CC9A0DBBF97E114B15');
INSERT INTO `sys_user` VALUES ('62', '刘涵6', '10001126', '33f982d691040575ba2aeb4a8fa15789', '河北', null, '无备注', '8', null, '31', '1', null, '1', '/images/defaultusertitle.jpg', '4ABB5CBA7CAA4078A1A5839C0C24AF85');
INSERT INTO `sys_user` VALUES ('63', '刘涵7', '10001127', 'e42326eafc984808e39c4ed9fc8815dd', '河北', null, '无备注', '8', null, '31', '1', null, '1', '/images/defaultusertitle.jpg', '9048ABE5D32A4C56A33D34A8612D817E');
INSERT INTO `sys_user` VALUES ('64', '刘涵8', '10001128', 'dba794cd17aa8229e5296cfec7eb5dbd', '河北', null, '无备注', '8', null, '31', '1', null, '1', '/images/defaultusertitle.jpg', '680A470573C143B0A8501010AA2698EE');
INSERT INTO `sys_user` VALUES ('65', '刘涵9', '10001129', '37bdae2fee4328d1235c676326b0c6bf', '河北', null, '无备注', '8', null, '31', '1', null, '1', '/images/defaultusertitle.jpg', '9AE4E8E2B5104E3E951D7457B112B558');
INSERT INTO `sys_user` VALUES ('66', '刘涵10', '10001130', '711cf84e798320f200df62fe48dc492b', '河北', null, '无备注', '8', null, '31', '1', null, '1', '/images/defaultusertitle.jpg', 'D0686A650D78458D8A611AEFA6D78AAD');
INSERT INTO `sys_user` VALUES ('67', '刘涵11', '10001131', 'fd6d4e15de899dacf2166af9db133d37', '河北', null, '无备注', '8', null, '31', '1', null, '1', '/images/defaultusertitle.jpg', 'F22E098AE1DB466B98189791AC1661D8');
INSERT INTO `sys_user` VALUES ('68', '刘涵12', '10001132', '8da57c0a4f0caef0c76239b3b91dc075', '河北', null, '无备注', '8', null, '31', '1', null, '1', '/images/defaultusertitle.jpg', 'F4CF94A413F8474BADBE9C21026C294E');
INSERT INTO `sys_user` VALUES ('69', '刘涵13', '10001133', '6764e22c6c3bbd1e452c302cbcf0014c', '河北', null, '无备注', '8', null, '31', '1', null, '1', '/images/defaultusertitle.jpg', '81E8AE5CDDB048E6B36D3CF91E026133');
INSERT INTO `sys_user` VALUES ('70', '刘涵14', '10001134', '968e2854472dbab6c44ce892e8296a7b', '河北', null, '无备注', '8', null, '31', '1', null, '1', '/images/defaultusertitle.jpg', 'B322BD199A5D462E9AF827060C2714FC');
INSERT INTO `sys_user` VALUES ('71', '刘涵15', '10001135', '58604855e76b7671f78ca90db17c96be', '河北', null, '无备注', '8', null, '31', '1', null, '1', '/images/defaultusertitle.jpg', '595FA3DA2F344F708F10CA9A766F5D50');
INSERT INTO `sys_user` VALUES ('72', '刘涵16', '10001136', '10606f89c3a8292ac053507e2d68358e', '河北', null, '无备注', '8', null, '31', '1', null, '1', '/images/defaultusertitle.jpg', '854B43DDE13C4A93B8249599FF23683C');
INSERT INTO `sys_user` VALUES ('73', '刘涵17', '10001137', '495bd45df84edef20d935e49fb821dd7', '河北', null, '无备注', '8', null, '31', '1', null, '1', '/images/defaultusertitle.jpg', 'E6F673AB61BB4985BA6BB1EC6646558C');
INSERT INTO `sys_user` VALUES ('74', '刘涵18', '10001138', '5d808bedcd9def5d476ec4959a299802', '河北', null, '无备注', '8', null, '31', '1', null, '1', '/images/defaultusertitle.jpg', 'A1CACA1DB00E498696D1F4A439A8291A');
INSERT INTO `sys_user` VALUES ('75', '刘涵19', '10001139', '82e758759f35c9da7df99416b8494819', '河北', null, '无备注', '8', null, '31', '1', null, '1', '/images/defaultusertitle.jpg', '7C3BF19C459349D2883193B978DD2D3C');
INSERT INTO `sys_user` VALUES ('76', '刘涵20', '10001140', 'be8c7a31fb8329834d69af43249038cd', '河北', null, '无备注', '8', null, '31', '1', null, '1', '/images/defaultusertitle.jpg', '522210EB584646EAA740F6668E3A7253');
INSERT INTO `sys_user` VALUES ('77', '刘增1', '10001141', '4a80eea485716f443ec6f71cbe71af52', '河北', null, '无备注', '9', null, '34', '1', null, '1', '/images/defaultusertitle.jpg', 'F0295A08323D4E45B4296BCADE5CFBE9');
INSERT INTO `sys_user` VALUES ('78', '刘增2', '10001142', '674172c01dc43c0c9379e3912bd5eb18', '河北', null, '无备注', '9', null, '34', '1', null, '1', '/images/defaultusertitle.jpg', 'AFD267289793471B9385E8A358D2F992');
INSERT INTO `sys_user` VALUES ('79', '刘增3', '10001143', '8528c0543e9e4d0078f5b4e5afd73cce', '河北', null, '无备注', '9', null, '34', '1', null, '1', '/images/defaultusertitle.jpg', '94D75BE47B774A3085699A3ECF9B6761');
INSERT INTO `sys_user` VALUES ('80', '刘增4', '10001144', '855ab2c9c983ebe526a926ee18481089', '河北', null, '无备注', '9', null, '34', '1', null, '1', '/images/defaultusertitle.jpg', '14DFC6DEB03B411DA49C5C33D386DE07');
INSERT INTO `sys_user` VALUES ('81', '刘增5', '10001145', '9e785e860e1351695dbae6e5967864ca', '河北', null, '无备注', '9', null, '34', '1', null, '1', '/images/defaultusertitle.jpg', '5008890E4C1F4DBAACB56757DC099787');
INSERT INTO `sys_user` VALUES ('82', '刘增6', '10001146', 'b555d8e2bbc82ed0cb96c5e14eea64dc', '河北', null, '无备注', '9', null, '34', '1', null, '1', '/images/defaultusertitle.jpg', 'E44A6F674EB54479A07FDEA258FFC4D7');
INSERT INTO `sys_user` VALUES ('83', '刘增7', '10001147', '24e975b1bf58ee45f40d379a78d733b7', '河北', null, '无备注', '9', null, '34', '1', null, '1', '/images/defaultusertitle.jpg', '88896F8A1EAA47BA9133A109D6A297E0');
INSERT INTO `sys_user` VALUES ('84', '刘增8', '10001148', '285afba2136e58c22c879f9f70cd6b5f', '河北', null, '无备注', '9', null, '34', '1', null, '1', '/images/defaultusertitle.jpg', '05098CE952834E468D0327A2EEAB38D3');
INSERT INTO `sys_user` VALUES ('85', '刘增9', '10001149', '19fc655324dc13004ac6126bd0b6dab2', '河北', null, '无备注', '9', null, '34', '1', null, '1', '/images/defaultusertitle.jpg', '0EAE41FB90BE4D0BBA80BF1BBECC4FD6');
INSERT INTO `sys_user` VALUES ('86', '刘增10', '10001150', '41837150c8b2cf13f9cdf2fb2117ba0d', '河北', null, '无备注', '9', null, '34', '1', null, '1', '/images/defaultusertitle.jpg', '185F9D1D0015411B98F92FB01309FE78');
INSERT INTO `sys_user` VALUES ('87', '刘增11', '10001151', '1d7dcfc995e8bd22769d8fece7b47ab5', '河北', null, '无备注', '9', null, '34', '1', null, '1', '/images/defaultusertitle.jpg', '5A6CDFB9E94847BE89948266376C58B1');
INSERT INTO `sys_user` VALUES ('88', '刘增12', '10001152', '3bb8393813aafb92168bf534f8c1808e', '河北', null, '无备注', '9', null, '34', '1', null, '1', '/images/defaultusertitle.jpg', '8A7C3ABC7DAA4E11AE92EC4042829C50');
INSERT INTO `sys_user` VALUES ('89', '刘增13', '10001153', '04a359502113eb3e9330d60c68d74fe5', '河北', null, '无备注', '9', null, '34', '1', null, '1', '/images/defaultusertitle.jpg', '8C496BAC380344C2A69B7CF703BDCE13');
INSERT INTO `sys_user` VALUES ('90', '刘增14', '10001154', '3ce8612e6eaef017f09d2f499cfa8dca', '河北', null, '无备注', '9', null, '34', '1', null, '1', '/images/defaultusertitle.jpg', '39A827E888664D31AE61F32891A34152');
INSERT INTO `sys_user` VALUES ('91', '刘增15', '10001155', '536c415e9570e0a2fb2fe0132ecb1960', '河北', null, '无备注', '9', null, '34', '1', null, '1', '/images/defaultusertitle.jpg', 'F9AF1717D91C4908B2C7C712B53FAC86');
INSERT INTO `sys_user` VALUES ('92', '刘增16', '10001156', '4943f0598127b324aee443c4a4749d3a', '河北', null, '无备注', '9', null, '34', '1', null, '1', '/images/defaultusertitle.jpg', 'D1AE0DADD37A468E814C3FF95E33BB5D');
INSERT INTO `sys_user` VALUES ('93', '刘增17', '10001157', 'fe23e0a62b310cf5b0de5336b24c7038', '河北', null, '无备注', '9', null, '34', '1', null, '1', '/images/defaultusertitle.jpg', '7B22AF9D397240F39146F3100CC42437');
INSERT INTO `sys_user` VALUES ('94', '刘增18', '10001158', 'b6038766d8c174d645ffd0d9e1a75058', '河北', null, '无备注', '9', null, '34', '1', null, '1', '/images/defaultusertitle.jpg', 'B227F90E377F4CBD8FA55D3EC9F3935A');
INSERT INTO `sys_user` VALUES ('95', '刘增19', '10001159', '12f3f0faf3f75b17c98bb96b3bae7d10', '河北', null, '无备注', '9', null, '34', '1', null, '1', '/images/defaultusertitle.jpg', '06048710DEF64AD097468DB7C35B8EAC');
INSERT INTO `sys_user` VALUES ('96', '刘增20', '10001160', '1616ca73a4dda436eeefd2b95c37d88e', '河北', null, '无备注', '9', null, '34', '1', null, '1', '/images/defaultusertitle.jpg', '4D28DF6C072F4B0881A3DE535B50014A');
INSERT INTO `sys_user` VALUES ('97', '王1', '10001161', '0e71502ab680b7cf759c3c3c7f032f99', '河北', null, '无备注', '10', null, '36', '1', null, '1', '/images/defaultusertitle.jpg', '61EA5E91A7A9446B8E2363F5B32E317C');
INSERT INTO `sys_user` VALUES ('98', '王2', '10001162', 'ec55f3aab17622a42b92c114164549d8', '河北', null, '无备注', '10', null, '36', '1', null, '1', '/images/defaultusertitle.jpg', 'A680D6A27B824940B612E3D116D7B3D6');
INSERT INTO `sys_user` VALUES ('99', '王3', '10001163', '27f616e8ace1c7333d4e7078b08a803c', '河北', null, '无备注', '10', null, '36', '1', null, '1', '/images/defaultusertitle.jpg', 'F351BB54AEF34747ACF7AE0BA112711D');
INSERT INTO `sys_user` VALUES ('100', '王4', '10001164', '1d0ed4c999557390082578467efa21bd', '河北', null, '无备注', '10', null, '36', '1', null, '1', '/images/defaultusertitle.jpg', 'EFC4CD07FA1F431D8518667A23EDD6C6');
INSERT INTO `sys_user` VALUES ('101', '王5', '10001165', 'a2c7073666a85276866451cc115959c8', '河北', null, '无备注', '10', null, '36', '1', null, '1', '/images/defaultusertitle.jpg', 'E7FC690E19DA41668529298238DA3C0F');
INSERT INTO `sys_user` VALUES ('102', '王6', '10001166', 'ba23828b97bfbe3a9d4a69d73f9e8725', '河北', null, '无备注', '10', null, '36', '1', null, '1', '/images/defaultusertitle.jpg', 'CB28D6AA3D8446978D9470883C1E9D3D');
INSERT INTO `sys_user` VALUES ('103', '王7', '10001167', '006aa0ff570ac63d4862c8ae8f6fafc5', '河北', null, '无备注', '10', null, '36', '1', null, '1', '/images/defaultusertitle.jpg', 'E909456E5FF6400FABC0370CD5687F93');
INSERT INTO `sys_user` VALUES ('104', '王8', '10001168', '9ce56f8b76c395bbf4e853338bdf6aa2', '河北', null, '无备注', '10', null, '36', '1', null, '1', '/images/defaultusertitle.jpg', '95EB14E9394544158C3D4BA9F0E10926');
INSERT INTO `sys_user` VALUES ('105', '王9', '10001169', '86b31fab8fa870e7b2be18fe25e4256a', '河北', null, '无备注', '10', null, '36', '1', null, '1', '/images/defaultusertitle.jpg', '106588BA75A941F0BAC3B35D0602F65A');
INSERT INTO `sys_user` VALUES ('106', '王10', '10001170', '7154bc4c470426dfc9b1d930782afa62', '河北', null, '无备注', '10', null, '36', '1', null, '1', '/images/defaultusertitle.jpg', 'A3A9BFDF0B164E70BDF1527A41BDAF7A');
INSERT INTO `sys_user` VALUES ('107', '王11', '10001171', '5721c9066010687aeefa4747f3cb94a8', '河北', null, '无备注', '10', null, '36', '1', null, '1', '/images/defaultusertitle.jpg', 'AA5B3476A80A4B1F96E47844369B2214');
INSERT INTO `sys_user` VALUES ('108', '王12', '10001172', '74ca44122c4f7c483f79c2c3c86a098c', '河北', null, '无备注', '10', null, '36', '1', null, '1', '/images/defaultusertitle.jpg', 'FB7D0F1798E24C10A92891439B65A614');
INSERT INTO `sys_user` VALUES ('109', '王13', '10001173', '87e324e495f5d491acf8a8fb91b6c90d', '河北', null, '无备注', '10', null, '36', '1', null, '1', '/images/defaultusertitle.jpg', 'EA59DF8977CC4FC481BD0A44A007D3DF');
INSERT INTO `sys_user` VALUES ('110', '王14', '10001174', '4949d657fd6a2b0fb5247c75aa043475', '河北', null, '无备注', '10', null, '36', '1', null, '1', '/images/defaultusertitle.jpg', '06BBCDCB84F94BFEB1BF58541D05852D');
INSERT INTO `sys_user` VALUES ('111', '王15', '10001175', '32a00f95c325b038276caa8b0c0dafd7', '河北', null, '无备注', '10', null, '36', '1', null, '1', '/images/defaultusertitle.jpg', '90FBBB0FFB134D09A62A21D0F9FE54B3');
INSERT INTO `sys_user` VALUES ('112', '王16', '10001176', 'f77805d55ee2350e2ea37797864e9725', '河北', null, '无备注', '10', null, '36', '1', null, '1', '/images/defaultusertitle.jpg', 'E99A37CC581C4EA38BEDB37A5ACB9241');
INSERT INTO `sys_user` VALUES ('113', '王17', '10001177', '89e8dfca1dfdf645979597ee23c7f955', '河北', null, '无备注', '10', null, '36', '1', null, '1', '/images/defaultusertitle.jpg', '3D970ABA82704A559E7E693F904E4ADB');
INSERT INTO `sys_user` VALUES ('114', '王18', '10001178', '55b5aa8ca7cd20ecf813bf8268357846', '河北', null, '无备注', '10', null, '36', '1', null, '1', '/images/defaultusertitle.jpg', '71EDF711F1334E3A966F67400462DF76');
INSERT INTO `sys_user` VALUES ('115', '王19', '10001179', '41b3c00523fee4d6c2d82a035ad2d94a', '河北', null, '无备注', '10', null, '36', '1', null, '1', '/images/defaultusertitle.jpg', 'EA2A73C55B564B5F8F00C0D0CB1A982A');
INSERT INTO `sys_user` VALUES ('116', '王20', '10001180', 'd0b3e9c5de15fa300ba180d4e29d8e73', '河北', null, '无备注', '10', null, '36', '1', null, '1', '/images/defaultusertitle.jpg', '4B0CFA222BE7483684C87A7AA57A7FA0');

-- ----------------------------
-- Table structure for sys_user_role
-- ----------------------------
DROP TABLE IF EXISTS `sys_user_role`;
CREATE TABLE `sys_user_role` (
  `uid` int(11) NOT NULL,
  `rid` int(11) NOT NULL,
  PRIMARY KEY (`rid`,`uid`),
  KEY `FK_sys_user_role_2` (`uid`),
  CONSTRAINT `FK_sys_user_role_1` FOREIGN KEY (`rid`) REFERENCES `sys_role` (`id`),
  CONSTRAINT `FK_sys_user_role_2` FOREIGN KEY (`uid`) REFERENCES `sys_user` (`id`)
) ENGINE=InnoDB DEFAULT CHARSET=utf8 COLLATE=utf8_unicode_ci;

-- ----------------------------
-- Records of sys_user_role
-- ----------------------------
INSERT INTO `sys_user_role` VALUES ('1', '19');
INSERT INTO `sys_user_role` VALUES ('1', '21');
INSERT INTO `sys_user_role` VALUES ('1', '22');
INSERT INTO `sys_user_role` VALUES ('3', '19');
INSERT INTO `sys_user_role` VALUES ('30', '22');
INSERT INTO `sys_user_role` VALUES ('31', '22');
INSERT INTO `sys_user_role` VALUES ('32', '19');
INSERT INTO `sys_user_role` VALUES ('33', '19');
INSERT INTO `sys_user_role` VALUES ('34', '22');
INSERT INTO `sys_user_role` VALUES ('35', '19');
INSERT INTO `sys_user_role` VALUES ('36', '22');
INSERT INTO `sys_user_role` VALUES ('37', '21');
INSERT INTO `sys_user_role` VALUES ('38', '21');
INSERT INTO `sys_user_role` VALUES ('39', '21');
INSERT INTO `sys_user_role` VALUES ('40', '21');
INSERT INTO `sys_user_role` VALUES ('41', '21');
INSERT INTO `sys_user_role` VALUES ('42', '21');
INSERT INTO `sys_user_role` VALUES ('43', '21');
INSERT INTO `sys_user_role` VALUES ('44', '21');
INSERT INTO `sys_user_role` VALUES ('45', '21');
INSERT INTO `sys_user_role` VALUES ('46', '21');
INSERT INTO `sys_user_role` VALUES ('47', '21');
INSERT INTO `sys_user_role` VALUES ('48', '21');
INSERT INTO `sys_user_role` VALUES ('49', '21');
INSERT INTO `sys_user_role` VALUES ('50', '21');
INSERT INTO `sys_user_role` VALUES ('51', '21');
INSERT INTO `sys_user_role` VALUES ('52', '21');
INSERT INTO `sys_user_role` VALUES ('53', '21');
INSERT INTO `sys_user_role` VALUES ('54', '21');
INSERT INTO `sys_user_role` VALUES ('55', '21');
INSERT INTO `sys_user_role` VALUES ('56', '21');
INSERT INTO `sys_user_role` VALUES ('57', '21');
INSERT INTO `sys_user_role` VALUES ('58', '21');
INSERT INTO `sys_user_role` VALUES ('59', '21');
INSERT INTO `sys_user_role` VALUES ('60', '21');
INSERT INTO `sys_user_role` VALUES ('61', '21');
INSERT INTO `sys_user_role` VALUES ('62', '21');
INSERT INTO `sys_user_role` VALUES ('63', '21');
INSERT INTO `sys_user_role` VALUES ('64', '21');
INSERT INTO `sys_user_role` VALUES ('65', '21');
INSERT INTO `sys_user_role` VALUES ('66', '21');
INSERT INTO `sys_user_role` VALUES ('67', '21');
INSERT INTO `sys_user_role` VALUES ('68', '21');
INSERT INTO `sys_user_role` VALUES ('69', '21');
INSERT INTO `sys_user_role` VALUES ('70', '21');
INSERT INTO `sys_user_role` VALUES ('71', '21');
INSERT INTO `sys_user_role` VALUES ('72', '21');
INSERT INTO `sys_user_role` VALUES ('73', '21');
INSERT INTO `sys_user_role` VALUES ('74', '21');
INSERT INTO `sys_user_role` VALUES ('75', '21');
INSERT INTO `sys_user_role` VALUES ('76', '21');
INSERT INTO `sys_user_role` VALUES ('77', '21');
INSERT INTO `sys_user_role` VALUES ('78', '21');
INSERT INTO `sys_user_role` VALUES ('79', '21');
INSERT INTO `sys_user_role` VALUES ('80', '21');
INSERT INTO `sys_user_role` VALUES ('81', '21');
INSERT INTO `sys_user_role` VALUES ('82', '21');
INSERT INTO `sys_user_role` VALUES ('83', '21');
INSERT INTO `sys_user_role` VALUES ('84', '21');
INSERT INTO `sys_user_role` VALUES ('85', '21');
INSERT INTO `sys_user_role` VALUES ('86', '21');
INSERT INTO `sys_user_role` VALUES ('87', '21');
INSERT INTO `sys_user_role` VALUES ('88', '21');
INSERT INTO `sys_user_role` VALUES ('89', '21');
INSERT INTO `sys_user_role` VALUES ('90', '21');
INSERT INTO `sys_user_role` VALUES ('91', '21');
INSERT INTO `sys_user_role` VALUES ('92', '21');
INSERT INTO `sys_user_role` VALUES ('93', '21');
INSERT INTO `sys_user_role` VALUES ('94', '21');
INSERT INTO `sys_user_role` VALUES ('95', '21');
INSERT INTO `sys_user_role` VALUES ('96', '21');
INSERT INTO `sys_user_role` VALUES ('97', '21');
INSERT INTO `sys_user_role` VALUES ('98', '21');
INSERT INTO `sys_user_role` VALUES ('99', '21');
INSERT INTO `sys_user_role` VALUES ('100', '21');
INSERT INTO `sys_user_role` VALUES ('101', '21');
INSERT INTO `sys_user_role` VALUES ('102', '21');
INSERT INTO `sys_user_role` VALUES ('103', '21');
INSERT INTO `sys_user_role` VALUES ('104', '21');
INSERT INTO `sys_user_role` VALUES ('105', '21');
INSERT INTO `sys_user_role` VALUES ('106', '21');
INSERT INTO `sys_user_role` VALUES ('107', '21');
INSERT INTO `sys_user_role` VALUES ('108', '21');
INSERT INTO `sys_user_role` VALUES ('109', '21');
INSERT INTO `sys_user_role` VALUES ('110', '21');
INSERT INTO `sys_user_role` VALUES ('111', '21');
INSERT INTO `sys_user_role` VALUES ('112', '21');
INSERT INTO `sys_user_role` VALUES ('113', '21');
INSERT INTO `sys_user_role` VALUES ('114', '21');
INSERT INTO `sys_user_role` VALUES ('115', '21');
INSERT INTO `sys_user_role` VALUES ('116', '21');
