<?xml version="1.0" encoding="UTF-8" ?>
<!DOCTYPE mapper PUBLIC "-//mybatis.org//DTD Mapper 3.0//EN" "http://mybatis.org/dtd/mybatis-3-mapper.dtd" >
<mapper namespace="com.ysj.core.dao.BaseDeptMapper" >
  <resultMap id="BaseResultMap" type="com.ysj.core.po.BaseDept" >
    <id column="dept_id" property="deptId" jdbcType="VARCHAR" />
    <result column="dept_name" property="deptName" jdbcType="VARCHAR" />
    <result column="dept_state" property="deptState" jdbcType="INTEGER" />
  </resultMap>
  <sql id="Example_Where_Clause" >
    <where >
      <foreach collection="oredCriteria" item="criteria" separator="or" >
        <if test="criteria.valid" >
          <trim prefix="(" suffix=")" prefixOverrides="and" >
            <foreach collection="criteria.criteria" item="criterion" >
              <choose >
                <when test="criterion.noValue" >
                  and ${criterion.condition}
                </when>
                <when test="criterion.singleValue" >
                  and ${criterion.condition} #{criterion.value}
                </when>
                <when test="criterion.betweenValue" >
                  and ${criterion.condition} #{criterion.value} and #{criterion.secondValue}
                </when>
                <when test="criterion.listValue" >
                  and ${criterion.condition}
                  <foreach collection="criterion.value" item="listItem" open="(" close=")" separator="," >
                    #{listItem}
                  </foreach>
                </when>
              </choose>
            </foreach>
          </trim>
        </if>
      </foreach>
    </where>
  </sql>
  <sql id="Update_By_Example_Where_Clause" >
    <where >
      <foreach collection="example.oredCriteria" item="criteria" separator="or" >
        <if test="criteria.valid" >
          <trim prefix="(" suffix=")" prefixOverrides="and" >
            <foreach collection="criteria.criteria" item="criterion" >
              <choose >
                <when test="criterion.noValue" >
                  and ${criterion.condition}
                </when>
                <when test="criterion.singleValue" >
                  and ${criterion.condition} #{criterion.value}
                </when>
                <when test="criterion.betweenValue" >
                  and ${criterion.condition} #{criterion.value} and #{criterion.secondValue}
                </when>
                <when test="criterion.listValue" >
                  and ${criterion.condition}
                  <foreach collection="criterion.value" item="listItem" open="(" close=")" separator="," >
                    #{listItem}
                  </foreach>
                </when>
              </choose>
            </foreach>
          </trim>
        </if>
      </foreach>
    </where>
  </sql>
  <sql id="Base_Column_List" >
    dept_id, dept_name, dept_state
  </sql>
  <select id="selectByExample" resultMap="BaseResultMap" parameterType="com.ysj.core.po.BaseDeptExample" >
    select
    <if test="distinct" >
      distinct
    </if>
    <include refid="Base_Column_List" />
    from base_dept
    <if test="_parameter != null" >
      <include refid="Example_Where_Clause" />
    </if>
    <if test="orderByClause != null" >
      order by ${orderByClause}
    </if>
  </select>
  <select id="selectByPrimaryKey" resultMap="BaseResultMap" parameterType="java.lang.String" >
    select 
    <include refid="Base_Column_List" />
    from base_dept
    where dept_id = #{deptId,jdbcType=VARCHAR}
  </select>
  <delete id="deleteByPrimaryKey" parameterType="java.lang.String" >
    delete from base_dept
    where dept_id = #{deptId,jdbcType=VARCHAR}
  </delete>
  <delete id="deleteByExample" parameterType="com.ysj.core.po.BaseDeptExample" >
    delete from base_dept
    <if test="_parameter != null" >
      <include refid="Example_Where_Clause" />
    </if>
  </delete>
  <insert id="insert" parameterType="com.ysj.core.po.BaseDept" >
    insert into base_dept (dept_id, dept_name, dept_state
      )
    values (#{deptId,jdbcType=VARCHAR}, #{deptName,jdbcType=VARCHAR}, #{deptState,jdbcType=INTEGER}
      )
  </insert>
  <insert id="insertSelective" parameterType="com.ysj.core.po.BaseDept" >
    insert into base_dept
    <trim prefix="(" suffix=")" suffixOverrides="," >
      <if test="deptId != null" >
        dept_id,
      </if>
      <if test="deptName != null" >
        dept_name,
      </if>
      <if test="deptState != null" >
        dept_state,
      </if>
    </trim>
    <trim prefix="values (" suffix=")" suffixOverrides="," >
      <if test="deptId != null" >
        #{deptId,jdbcType=VARCHAR},
      </if>
      <if test="deptName != null" >
        #{deptName,jdbcType=VARCHAR},
      </if>
      <if test="deptState != null" >
        #{deptState,jdbcType=INTEGER},
      </if>
    </trim>
  </insert>
  <select id="countByExample" parameterType="com.ysj.core.po.BaseDeptExample" resultType="java.lang.Integer" >
    select count(*) from base_dept
    <if test="_parameter != null" >
      <include refid="Example_Where_Clause" />
    </if>
  </select>
  <update id="updateByExampleSelective" parameterType="map" >
    update base_dept
    <set >
      <if test="record.deptId != null" >
        dept_id = #{record.deptId,jdbcType=VARCHAR},
      </if>
      <if test="record.deptName != null" >
        dept_name = #{record.deptName,jdbcType=VARCHAR},
      </if>
      <if test="record.deptState != null" >
        dept_state = #{record.deptState,jdbcType=INTEGER},
      </if>
    </set>
    <if test="_parameter != null" >
      <include refid="Update_By_Example_Where_Clause" />
    </if>
  </update>
  <update id="updateByExample" parameterType="map" >
    update base_dept
    set dept_id = #{record.deptId,jdbcType=VARCHAR},
      dept_name = #{record.deptName,jdbcType=VARCHAR},
      dept_state = #{record.deptState,jdbcType=INTEGER}
    <if test="_parameter != null" >
      <include refid="Update_By_Example_Where_Clause" />
    </if>
  </update>
  <update id="updateByPrimaryKeySelective" parameterType="com.ysj.core.po.BaseDept" >
    update base_dept
    <set >
      <if test="deptName != null" >
        dept_name = #{deptName,jdbcType=VARCHAR},
      </if>
      <if test="deptState != null" >
        dept_state = #{deptState,jdbcType=INTEGER},
      </if>
    </set>
    where dept_id = #{deptId,jdbcType=VARCHAR}
  </update>
  <update id="updateByPrimaryKey" parameterType="com.ysj.core.po.BaseDept" >
    update base_dept
    set dept_name = #{deptName,jdbcType=VARCHAR},
      dept_state = #{deptState,jdbcType=INTEGER}
    where dept_id = #{deptId,jdbcType=VARCHAR}
  </update>
  <update id="editInfo">
    update base_dept set dept_state = #{s} where dept_id = #{deptId}
  </update>
  <update id="editInfo1">
    update base_dept set dept_name = #{deptName} where dept_id = #{deptId}
  </update>
</mapper>