<?xml version="1.0" encoding="UTF-8" ?>
<!DOCTYPE mapper PUBLIC "-//mybatis.org//DTD Mapper 3.0//EN" "http://mybatis.org/dtd/mybatis-3-mapper.dtd" >
<mapper namespace="com.ysj.core.dao.MidCheckMapper" >
  <resultMap id="BaseResultMap" type="com.ysj.core.po.MidCheck" >
    <id column="m_id" property="mId" jdbcType="BIGINT" />
    <result column="s_id" property="sId" jdbcType="VARCHAR" />
    <result column="s_name" property="sName" jdbcType="VARCHAR" />
    <result column="f_id" property="fId" jdbcType="BIGINT" />
    <result column="agree" property="agree" jdbcType="VARCHAR" />
    <result column="c_id" property="cId" jdbcType="BIGINT" />
    <result column="f_name" property="fName" jdbcType="VARCHAR" />
    <result column="f_path" property="fPath" jdbcType="VARCHAR" />
    <result column="upload_datetime" property="uploadDatetime" jdbcType="TIMESTAMP" />
    <result column="f_type" property="fType" jdbcType="VARCHAR" />
    <result column="t_id" property="tId" jdbcType="VARCHAR" />
    <result column="t_name" property="tName" jdbcType="VARCHAR" />
    <result column="titl_name" property="titlName" jdbcType="VARCHAR" />
    <result column="seltitl_state" property="seltitlState" jdbcType="VARCHAR" />
    <result column="major" property="major" jdbcType="VARCHAR" />
    <result column="batch" property="batch" jdbcType="SMALLINT" />
  </resultMap>
  <sql id="Example_Where_Clause" >
    <where >
      <foreach collection="oredCriteria" item="criteria" separator="or" >
        <if test="criteria.valid" >
          <trim prefix="(" suffix=")" prefixOverrides="and" >
            <foreach collection="criteria.criteria" item="criterion" >
              <choose >
                <when test="criterion.noValue" >
                  and ${criterion.condition}
                </when>
                <when test="criterion.singleValue" >
                  and ${criterion.condition} #{criterion.value}
                </when>
                <when test="criterion.betweenValue" >
                  and ${criterion.condition} #{criterion.value} and #{criterion.secondValue}
                </when>
                <when test="criterion.listValue" >
                  and ${criterion.condition}
                  <foreach collection="criterion.value" item="listItem" open="(" close=")" separator="," >
                    #{listItem}
                  </foreach>
                </when>
              </choose>
            </foreach>
          </trim>
        </if>
      </foreach>
    </where>
  </sql>
  <sql id="Update_By_Example_Where_Clause" >
    <where >
      <foreach collection="example.oredCriteria" item="criteria" separator="or" >
        <if test="criteria.valid" >
          <trim prefix="(" suffix=")" prefixOverrides="and" >
            <foreach collection="criteria.criteria" item="criterion" >
              <choose >
                <when test="criterion.noValue" >
                  and ${criterion.condition}
                </when>
                <when test="criterion.singleValue" >
                  and ${criterion.condition} #{criterion.value}
                </when>
                <when test="criterion.betweenValue" >
                  and ${criterion.condition} #{criterion.value} and #{criterion.secondValue}
                </when>
                <when test="criterion.listValue" >
                  and ${criterion.condition}
                  <foreach collection="criterion.value" item="listItem" open="(" close=")" separator="," >
                    #{listItem}
                  </foreach>
                </when>
              </choose>
            </foreach>
          </trim>
        </if>
      </foreach>
    </where>
  </sql>
  <sql id="Base_Column_List" >
    m_id, s_id, f_id
  </sql>
  <select id="selectByExample" resultMap="BaseResultMap" parameterType="com.ysj.core.po.MidCheckExample" >
    select
    <if test="distinct" >
      distinct
    </if>
    <include refid="Base_Column_List" />
    from mid_check
    <if test="_parameter != null" >
      <include refid="Example_Where_Clause" />
    </if>
    <if test="orderByClause != null" >
      order by ${orderByClause}
    </if>
  </select>
  <select id="selectByPrimaryKey" resultMap="BaseResultMap" parameterType="java.lang.Long" >
    select 
    <include refid="Base_Column_List" />
    from mid_check
    where m_id = #{mId,jdbcType=BIGINT}
  </select>
  <delete id="deleteByPrimaryKey" parameterType="java.lang.Long" >
    delete from mid_check
    where m_id = #{mId,jdbcType=BIGINT}
  </delete>
  <delete id="deleteByExample" parameterType="com.ysj.core.po.MidCheckExample" >
    delete from mid_check
    <if test="_parameter != null" >
      <include refid="Example_Where_Clause" />
    </if>
  </delete>
  <insert id="insert" parameterType="com.ysj.core.po.MidCheck" >
    insert into mid_check (m_id, s_id, f_id, agree)
    values (#{mId,jdbcType=BIGINT}, #{sId,jdbcType=VARCHAR}, #{fId,jdbcType=BIGINT}, #{agree,jdbcType=VARCHAR})
  </insert>
  <insert id="insertSelective" parameterType="com.ysj.core.po.MidCheck" >
    insert into mid_check
    <trim prefix="(" suffix=")" suffixOverrides="," >
      <if test="mId != null" >
        m_id,
      </if>
      <if test="sId != null" >
        s_id,
      </if>
      <if test="fId != null" >
        f_id,
      </if>
    </trim>
    <trim prefix="values (" suffix=")" suffixOverrides="," >
      <if test="mId != null" >
        #{mId,jdbcType=BIGINT},
      </if>
      <if test="sId != null" >
        #{sId,jdbcType=VARCHAR},
      </if>
      <if test="fId != null" >
        #{fId,jdbcType=BIGINT},
      </if>
    </trim>
  </insert>
  <select id="countByExample" parameterType="com.ysj.core.po.MidCheckExample" resultType="java.lang.Integer" >
    select count(*) from mid_check
    <if test="_parameter != null" >
      <include refid="Example_Where_Clause" />
    </if>
  </select>
  <update id="updateByExampleSelective" parameterType="map" >
    update mid_check
    <set >
      <if test="record.mId != null" >
        m_id = #{record.mId,jdbcType=BIGINT},
      </if>
      <if test="record.sId != null" >
        s_id = #{record.sId,jdbcType=VARCHAR},
      </if>
      <if test="record.fId != null" >
        f_id = #{record.fId,jdbcType=BIGINT},
      </if>
    </set>
    <if test="_parameter != null" >
      <include refid="Update_By_Example_Where_Clause" />
    </if>
  </update>
  <update id="updateByExample" parameterType="map" >
    update mid_check
    set m_id = #{record.mId,jdbcType=BIGINT},
      s_id = #{record.sId,jdbcType=VARCHAR},
      f_id = #{record.fId,jdbcType=BIGINT}
    <if test="_parameter != null" >
      <include refid="Update_By_Example_Where_Clause" />
    </if>
  </update>
  <update id="updateByPrimaryKeySelective" parameterType="com.ysj.core.po.MidCheck" >
    update mid_check
    <set >
      <if test="sId != null" >
        s_id = #{sId,jdbcType=VARCHAR},
      </if>
      <if test="fId != null" >
        f_id = #{fId,jdbcType=BIGINT},
      </if>
    </set>
    where m_id = #{mId,jdbcType=BIGINT}
  </update>
  <update id="updateByPrimaryKey" parameterType="com.ysj.core.po.MidCheck" >
    update mid_check
    set s_id = #{sId,jdbcType=VARCHAR},
      f_id = #{fId,jdbcType=BIGINT}
    where m_id = #{mId,jdbcType=BIGINT}
  </update>
  <select id="selectByExampleandSId" resultMap="BaseResultMap">
      select * from midcheckinfo where s_id = #{sId} and seltitl_state = '同意' and f_name like "%"#{fName}"%"
  </select>
  <select id="selectBySId" resultMap="BaseResultMap">
      select * from midcheckinfo where s_id = #{sId} and seltitl_state = '同意'
  </select>
  <select id="findMidCheckBysId" resultMap="BaseResultMap">
  select * from midcheckinfo where s_Id = #{sId} 
  </select>
  <select id="findMidCheckBysIdAndAgree" resultMap="BaseResultMap">
  select * from midcheckinfo where s_Id = #{sId} and agree = #{agree}
  </select>
    <select id="findMidCheckBytIdAndAgree" resultMap="BaseResultMap">
  select * from midcheckinfo where f_name like "%"#{fName}"%" and t_id = #{tId} and seltitl_state = '同意' and agree != #{agree}  order by agree desc
  </select>
  <select id="findMidCheckBytIdAndAgree1" resultMap="BaseResultMap">
  select * from midcheckinfo where t_id = #{tId} and seltitl_state = '同意' and agree != #{agree}  order by agree desc
  </select>
  <select id="findMidCheckBytIdAndAgree2" resultMap="BaseResultMap">
  select * from midcheckinfo where f_name like "%"#{fName}"%" and t_id = #{tId} and seltitl_state = '同意' and agree = #{agree}  order by agree desc
  </select>
  <select id="findMidCheckBytIdAndAgree3" resultMap="BaseResultMap">
  select * from midcheckinfo where t_id = #{tId} and seltitl_state = '同意' and agree = #{agree}  order by agree desc
  </select>
  <update id="updateAgreeByfId">
  update mid_check set agree = #{agree} where f_id = #{fId}
  </update>
  <select id="findMidCheckByMajorAndAgree" resultMap="BaseResultMap">
  select * from midcheckinfo where f_name like "%"#{fName}"%" and major = #{major} and agree = #{agree} and seltitl_state = '同意'
  </select>
  <select id="findMidCheckByMajorAndAgree1" resultMap="BaseResultMap">
  select * from midcheckinfo where major = #{major} and agree = #{agree} and seltitl_state = '同意'
  </select>
</mapper>