<?xml version="1.0" encoding="UTF-8" ?>
<!DOCTYPE mapper PUBLIC "-//mybatis.org//DTD Mapper 3.0//EN" "http://mybatis.org/dtd/mybatis-3-mapper.dtd" >
<mapper namespace="com.ysj.core.dao.OpenReportMapper" >
  <resultMap id="BaseResultMap" type="com.ysj.core.po.OpenReport" >
    <id column="r_id" property="rId" jdbcType="BIGINT" />
    <result column="f_id" property="fId" jdbcType="BIGINT" />
    <result column="s_id" property="sId" jdbcType="VARCHAR" />
    <result column="s_name" property="sName" jdbcType="VARCHAR" />
    <result column="c_id" property="cId" jdbcType="BIGINT" />
    <result column="agree" property="agree" jdbcType="VARCHAR" />
    <result column="f_name" property="fName" jdbcType="VARCHAR" />
    <result column="f_path" property="fPath" jdbcType="VARCHAR" />
    <result column="upload_datetime" property="uploadDatetime" jdbcType="TIMESTAMP" />
    <result column="f_type" property="fType" jdbcType="VARCHAR" />
    <result column="t_id" property="tId" jdbcType="VARCHAR" />
    <result column="t_name" property="tName" jdbcType="VARCHAR" />
    <result column="titl_name" property="titlName" jdbcType="VARCHAR" />
    <result column="seltitl_state" property="seltitlState" jdbcType="VARCHAR" />
    <result column="major" property="major" jdbcType="VARCHAR" />
    <result column="batch" property="batch" jdbcType="SMALLINT" />
  </resultMap>
  <sql id="Example_Where_Clause" >
    <where >
      <foreach collection="oredCriteria" item="criteria" separator="or" >
        <if test="criteria.valid" >
          <trim prefix="(" suffix=")" prefixOverrides="and" >
            <foreach collection="criteria.criteria" item="criterion" >
              <choose >
                <when test="criterion.noValue" >
                  and ${criterion.condition}
                </when>
                <when test="criterion.singleValue" >
                  and ${criterion.condition} #{criterion.value}
                </when>
                <when test="criterion.betweenValue" >
                  and ${criterion.condition} #{criterion.value} and #{criterion.secondValue}
                </when>
                <when test="criterion.listValue" >
                  and ${criterion.condition}
                  <foreach collection="criterion.value" item="listItem" open="(" close=")" separator="," >
                    #{listItem}
                  </foreach>
                </when>
              </choose>
            </foreach>
          </trim>
        </if>
      </foreach>
    </where>
  </sql>
  <sql id="Update_By_Example_Where_Clause" >
    <where >
      <foreach collection="example.oredCriteria" item="criteria" separator="or" >
        <if test="criteria.valid" >
          <trim prefix="(" suffix=")" prefixOverrides="and" >
            <foreach collection="criteria.criteria" item="criterion" >
              <choose >
                <when test="criterion.noValue" >
                  and ${criterion.condition}
                </when>
                <when test="criterion.singleValue" >
                  and ${criterion.condition} #{criterion.value}
                </when>
                <when test="criterion.betweenValue" >
                  and ${criterion.condition} #{criterion.value} and #{criterion.secondValue}
                </when>
                <when test="criterion.listValue" >
                  and ${criterion.condition}
                  <foreach collection="criterion.value" item="listItem" open="(" close=")" separator="," >
                    #{listItem}
                  </foreach>
                </when>
              </choose>
            </foreach>
          </trim>
        </if>
      </foreach>
    </where>
  </sql>
  <sql id="Base_Column_List" >
    r_id, f_id, s_id, agree
  </sql>
  <select id="selectByExample" resultMap="BaseResultMap" parameterType="com.ysj.core.po.OpenReportExample" >
    select
    <if test="distinct" >
      distinct
    </if>
    <include refid="Base_Column_List" />
    from open_report
    <if test="_parameter != null" >
      <include refid="Example_Where_Clause" />
    </if>
    <if test="orderByClause != null" >
      order by ${orderByClause}
    </if>
  </select>
  <select id="selectByPrimaryKey" resultMap="BaseResultMap" parameterType="java.lang.Long" >
    select 
    <include refid="Base_Column_List" />
    from open_report
    where r_id = #{rId,jdbcType=BIGINT}
  </select>
  <delete id="deleteByPrimaryKey" parameterType="java.lang.Long" >
    delete from open_report
    where r_id = #{rId,jdbcType=BIGINT}
  </delete>
  <delete id="deleteByExample" parameterType="com.ysj.core.po.OpenReportExample" >
    delete from open_report
    <if test="_parameter != null" >
      <include refid="Example_Where_Clause" />
    </if>
  </delete>
  <insert id="insert" parameterType="com.ysj.core.po.OpenReport" >
    insert into open_report (r_id, f_id, s_id, 
      agree)
    values (#{rId,jdbcType=BIGINT}, #{fId,jdbcType=BIGINT}, #{sId,jdbcType=VARCHAR}, 
      #{agree,jdbcType=CHAR})
  </insert>
  <insert id="insertSelective" parameterType="com.ysj.core.po.OpenReport" >
    insert into open_report
    <trim prefix="(" suffix=")" suffixOverrides="," >
      <if test="rId != null" >
        r_id,
      </if>
      <if test="fId != null" >
        f_id,
      </if>
      <if test="sId != null" >
        s_id,
      </if>
      <if test="agree != null" >
        agree,
      </if>
    </trim>
    <trim prefix="values (" suffix=")" suffixOverrides="," >
      <if test="rId != null" >
        #{rId,jdbcType=BIGINT},
      </if>
      <if test="fId != null" >
        #{fId,jdbcType=BIGINT},
      </if>
      <if test="sId != null" >
        #{sId,jdbcType=VARCHAR},
      </if>
      <if test="agree != null" >
        #{agree,jdbcType=CHAR},
      </if>
    </trim>
  </insert>
  <select id="countByExample" parameterType="com.ysj.core.po.OpenReportExample" resultType="java.lang.Integer" >
    select count(*) from open_report
    <if test="_parameter != null" >
      <include refid="Example_Where_Clause" />
    </if>
  </select>
  <update id="updateByExampleSelective" parameterType="map" >
    update open_report
    <set >
      <if test="record.rId != null" >
        r_id = #{record.rId,jdbcType=BIGINT},
      </if>
      <if test="record.fId != null" >
        f_id = #{record.fId,jdbcType=BIGINT},
      </if>
      <if test="record.sId != null" >
        s_id = #{record.sId,jdbcType=VARCHAR},
      </if>
      <if test="record.agree != null" >
        agree = #{record.agree,jdbcType=CHAR},
      </if>
    </set>
    <if test="_parameter != null" >
      <include refid="Update_By_Example_Where_Clause" />
    </if>
  </update>
  <update id="updateByExample" parameterType="map" >
    update open_report
    set r_id = #{record.rId,jdbcType=BIGINT},
      f_id = #{record.fId,jdbcType=BIGINT},
      s_id = #{record.sId,jdbcType=VARCHAR},
      agree = #{record.agree,jdbcType=CHAR}
    <if test="_parameter != null" >
      <include refid="Update_By_Example_Where_Clause" />
    </if>
  </update>
  <update id="updateByPrimaryKeySelective" parameterType="com.ysj.core.po.OpenReport" >
    update open_report
    <set >
      <if test="fId != null" >
        f_id = #{fId,jdbcType=BIGINT},
      </if>
      <if test="sId != null" >
        s_id = #{sId,jdbcType=VARCHAR},
      </if>
      <if test="agree != null" >
        agree = #{agree,jdbcType=CHAR},
      </if>
    </set>
    where r_id = #{rId,jdbcType=BIGINT}
  </update>
  <update id="updateByPrimaryKey" parameterType="com.ysj.core.po.OpenReport" >
    update open_report
    set f_id = #{fId,jdbcType=BIGINT},
      s_id = #{sId,jdbcType=VARCHAR},
      agree = #{agree,jdbcType=CHAR}
    where r_id = #{rId,jdbcType=BIGINT}
  </update>
    <select id="selectByExampleandSId" resultMap="BaseResultMap">
      select * from openreportinfo where s_id = #{sId} and seltitl_state = '同意' and f_name like "%"#{fName}"%"
  </select>
  <select id="selectBySId" resultMap="BaseResultMap">
      select * from openreportinfo where s_id = #{sId} and seltitl_state = '同意'
  </select>
  <select id="findOpenReportBysId" resultMap="BaseResultMap">
  select * from openreportinfo where s_Id = #{sId} 
  </select>
  <select id="findOpenReportBysIdAndAgree" resultMap="BaseResultMap">
  select * from openreportinfo where s_Id = #{sId} and agree = #{agree}
  </select>
  <select id="findOpenReportBytIdAndAgree" resultMap="BaseResultMap">
  select * from openreportinfo where f_name like "%"#{fName}"%" and t_id = #{tId} and seltitl_state = '同意' and agree != #{agree}  order by agree desc
  </select>
  <select id="findOpenReportBytIdAndAgree1" resultMap="BaseResultMap">
  select * from openreportinfo where t_id = #{tId} and seltitl_state = '同意' and agree != #{agree}  order by agree desc
  </select>
  <select id="findOpenReportBytIdAndAgree2" resultMap="BaseResultMap">
  select * from openreportinfo where f_name like "%"#{fName}"%" and t_id = #{tId} and seltitl_state = '同意' and agree = #{agree}  order by agree desc
  </select>
  <select id="findOpenReportBytIdAndAgree3" resultMap="BaseResultMap">
  select * from openreportinfo where t_id = #{tId} and seltitl_state = '同意' and agree = #{agree}  order by agree desc
  </select>
  <update id="updateAgreeByfId">
  update open_report set agree = #{agree} where f_id = #{fId}
  </update>
  <select id="findOpenReportByMajorAndAgree" resultMap="BaseResultMap">
  select * from openreportinfo where f_name like "%"#{fName}"%" and major = #{major} and agree = #{agree} and seltitl_state = '同意'
  </select>
   <select id="findOpenReportByMajorAndAgree1" resultMap="BaseResultMap">
  select * from openreportinfo where major = #{major} and agree = #{agree} and seltitl_state = '同意'
  </select>
</mapper>