<?xml version="1.0" encoding="UTF-8" ?>
<!DOCTYPE mapper PUBLIC "-//mybatis.org//DTD Mapper 3.0//EN" "http://mybatis.org/dtd/mybatis-3-mapper.dtd" >
<mapper namespace="com.ysj.core.dao.ReplyGroupMapper" >
  <resultMap id="BaseResultMap" type="com.ysj.core.po.ReplyGroup" >
    <id column="reply_id" property="replyId" jdbcType="VARCHAR" />
    <result column="reply_leader" property="replyLeader" jdbcType="VARCHAR" />
    <result column="reply_place" property="replyPlace" jdbcType="VARCHAR" />
    <result column="reply_datetime" property="replyDatetime" jdbcType="TIMESTAMP" />
    <result column="batch" property="batch" jdbcType="SMALLINT" />
    <result column="creator" property="creator" jdbcType="VARCHAR" />
    <result column="reply_student" property="replyStudent" jdbcType="VARCHAR" />
    <result column="reply_member" property="replyMember" jdbcType="VARCHAR" />
  </resultMap>
  <sql id="Example_Where_Clause" >
    <where >
      <foreach collection="oredCriteria" item="criteria" separator="or" >
        <if test="criteria.valid" >
          <trim prefix="(" suffix=")" prefixOverrides="and" >
            <foreach collection="criteria.criteria" item="criterion" >
              <choose >
                <when test="criterion.noValue" >
                  and ${criterion.condition}
                </when>
                <when test="criterion.singleValue" >
                  and ${criterion.condition} #{criterion.value}
                </when>
                <when test="criterion.betweenValue" >
                  and ${criterion.condition} #{criterion.value} and #{criterion.secondValue}
                </when>
                <when test="criterion.listValue" >
                  and ${criterion.condition}
                  <foreach collection="criterion.value" item="listItem" open="(" close=")" separator="," >
                    #{listItem}
                  </foreach>
                </when>
              </choose>
            </foreach>
          </trim>
        </if>
      </foreach>
    </where>
  </sql>
  <sql id="Update_By_Example_Where_Clause" >
    <where >
      <foreach collection="example.oredCriteria" item="criteria" separator="or" >
        <if test="criteria.valid" >
          <trim prefix="(" suffix=")" prefixOverrides="and" >
            <foreach collection="criteria.criteria" item="criterion" >
              <choose >
                <when test="criterion.noValue" >
                  and ${criterion.condition}
                </when>
                <when test="criterion.singleValue" >
                  and ${criterion.condition} #{criterion.value}
                </when>
                <when test="criterion.betweenValue" >
                  and ${criterion.condition} #{criterion.value} and #{criterion.secondValue}
                </when>
                <when test="criterion.listValue" >
                  and ${criterion.condition}
                  <foreach collection="criterion.value" item="listItem" open="(" close=")" separator="," >
                    #{listItem}
                  </foreach>
                </when>
              </choose>
            </foreach>
          </trim>
        </if>
      </foreach>
    </where>
  </sql>
  <sql id="Base_Column_List" >
    reply_id, reply_leader, reply_place, reply_datetime, batch, creator, reply_student, 
    reply_member
  </sql>
  <select id="selectByExample" resultMap="BaseResultMap" parameterType="com.ysj.core.po.ReplyGroupExample" >
    select
    <if test="distinct" >
      distinct
    </if>
    <include refid="Base_Column_List" />
    from reply_group
    <if test="_parameter != null" >
      <include refid="Example_Where_Clause" />
    </if>
    <if test="orderByClause != null" >
      order by ${orderByClause}
    </if>
  </select>
  <select id="selectByPrimaryKey" resultMap="BaseResultMap" parameterType="java.lang.String" >
    select 
    <include refid="Base_Column_List" />
    from reply_group
    where reply_id = #{replyId,jdbcType=VARCHAR}
  </select>
  <delete id="deleteByPrimaryKey" parameterType="java.lang.String" >
    delete from reply_group
    where reply_id = #{replyId,jdbcType=VARCHAR}
  </delete>
  <delete id="deleteByExample" parameterType="com.ysj.core.po.ReplyGroupExample" >
    delete from reply_group
    <if test="_parameter != null" >
      <include refid="Example_Where_Clause" />
    </if>
  </delete>
  <insert id="insert" parameterType="com.ysj.core.po.ReplyGroup" >
    insert into reply_group (reply_id, reply_leader, reply_place, 
      reply_datetime, batch, creator, 
      reply_student, reply_member)
    values (#{replyId,jdbcType=VARCHAR}, #{replyLeader,jdbcType=VARCHAR}, #{replyPlace,jdbcType=VARCHAR}, 
      #{replyDatetime,jdbcType=TIMESTAMP}, #{batch,jdbcType=SMALLINT}, #{creator,jdbcType=VARCHAR}, 
      #{replyStudent,jdbcType=VARCHAR}, #{replyMember,jdbcType=VARCHAR})
  </insert>
  <insert id="insertSelective" parameterType="com.ysj.core.po.ReplyGroup" >
    insert into reply_group
    <trim prefix="(" suffix=")" suffixOverrides="," >
      <if test="replyId != null" >
        reply_id,
      </if>
      <if test="replyLeader != null" >
        reply_leader,
      </if>
      <if test="replyPlace != null" >
        reply_place,
      </if>
      <if test="replyDatetime != null" >
        reply_datetime,
      </if>
      <if test="batch != null" >
        batch,
      </if>
      <if test="creator != null" >
        creator,
      </if>
      <if test="replyStudent != null" >
        reply_student,
      </if>
      <if test="replyMember != null" >
        reply_member,
      </if>
    </trim>
    <trim prefix="values (" suffix=")" suffixOverrides="," >
      <if test="replyId != null" >
        #{replyId,jdbcType=VARCHAR},
      </if>
      <if test="replyLeader != null" >
        #{replyLeader,jdbcType=VARCHAR},
      </if>
      <if test="replyPlace != null" >
        #{replyPlace,jdbcType=VARCHAR},
      </if>
      <if test="replyDatetime != null" >
        #{replyDatetime,jdbcType=TIMESTAMP},
      </if>
      <if test="batch != null" >
        #{batch,jdbcType=SMALLINT},
      </if>
      <if test="creator != null" >
        #{creator,jdbcType=VARCHAR},
      </if>
      <if test="replyStudent != null" >
        #{replyStudent,jdbcType=VARCHAR},
      </if>
      <if test="replyMember != null" >
        #{replyMember,jdbcType=VARCHAR},
      </if>
    </trim>
  </insert>
  <select id="countByExample" parameterType="com.ysj.core.po.ReplyGroupExample" resultType="java.lang.Integer" >
    select count(*) from reply_group
    <if test="_parameter != null" >
      <include refid="Example_Where_Clause" />
    </if>
  </select>
  <update id="updateByExampleSelective" parameterType="map" >
    update reply_group
    <set >
      <if test="record.replyId != null" >
        reply_id = #{record.replyId,jdbcType=VARCHAR},
      </if>
      <if test="record.replyLeader != null" >
        reply_leader = #{record.replyLeader,jdbcType=VARCHAR},
      </if>
      <if test="record.replyPlace != null" >
        reply_place = #{record.replyPlace,jdbcType=VARCHAR},
      </if>
      <if test="record.replyDatetime != null" >
        reply_datetime = #{record.replyDatetime,jdbcType=TIMESTAMP},
      </if>
      <if test="record.batch != null" >
        batch = #{record.batch,jdbcType=SMALLINT},
      </if>
      <if test="record.creator != null" >
        creator = #{record.creator,jdbcType=VARCHAR},
      </if>
      <if test="record.replyStudent != null" >
        reply_student = #{record.replyStudent,jdbcType=VARCHAR},
      </if>
      <if test="record.replyMember != null" >
        reply_member = #{record.replyMember,jdbcType=VARCHAR},
      </if>
    </set>
    <if test="_parameter != null" >
      <include refid="Update_By_Example_Where_Clause" />
    </if>
  </update>
  <update id="updateByExample" parameterType="map" >
    update reply_group
    set reply_id = #{record.replyId,jdbcType=VARCHAR},
      reply_leader = #{record.replyLeader,jdbcType=VARCHAR},
      reply_place = #{record.replyPlace,jdbcType=VARCHAR},
      reply_datetime = #{record.replyDatetime,jdbcType=TIMESTAMP},
      batch = #{record.batch,jdbcType=SMALLINT},
      creator = #{record.creator,jdbcType=VARCHAR},
      reply_student = #{record.replyStudent,jdbcType=VARCHAR},
      reply_member = #{record.replyMember,jdbcType=VARCHAR}
    <if test="_parameter != null" >
      <include refid="Update_By_Example_Where_Clause" />
    </if>
  </update>
  <update id="updateByPrimaryKeySelective" parameterType="com.ysj.core.po.ReplyGroup" >
    update reply_group
    <set >
      <if test="replyLeader != null" >
        reply_leader = #{replyLeader,jdbcType=VARCHAR},
      </if>
      <if test="replyPlace != null" >
        reply_place = #{replyPlace,jdbcType=VARCHAR},
      </if>
      <if test="replyDatetime != null" >
        reply_datetime = #{replyDatetime,jdbcType=TIMESTAMP},
      </if>
      <if test="batch != null" >
        batch = #{batch,jdbcType=SMALLINT},
      </if>
      <if test="creator != null" >
        creator = #{creator,jdbcType=VARCHAR},
      </if>
      <if test="replyStudent != null" >
        reply_student = #{replyStudent,jdbcType=VARCHAR},
      </if>
      <if test="replyMember != null" >
        reply_member = #{replyMember,jdbcType=VARCHAR},
      </if>
    </set>
    where reply_id = #{replyId,jdbcType=VARCHAR}
  </update>
  <update id="updateByPrimaryKey" parameterType="com.ysj.core.po.ReplyGroup" >
    update reply_group
    set reply_leader = #{replyLeader,jdbcType=VARCHAR},
      reply_place = #{replyPlace,jdbcType=VARCHAR},
      reply_datetime = #{replyDatetime,jdbcType=TIMESTAMP},
      batch = #{batch,jdbcType=SMALLINT},
      creator = #{creator,jdbcType=VARCHAR},
      reply_student = #{replyStudent,jdbcType=VARCHAR},
      reply_member = #{replyMember,jdbcType=VARCHAR}
    where reply_id = #{replyId,jdbcType=VARCHAR}
  </update>
</mapper>